INCIDENT_KEY,STATE,FDID,inc_date,INC_NO,EXP_NO,PCC,CAUSE_CODE,CAUSE_NAME,GCC,GCC_NAME
VA_64000_08122024_0024340_0,VA,64000,2024-08-12,0024340,0,37,13,Unknown,07,Unknown
LA_08010_11292024_0012911_0,LA,08010,2024-11-29,0012911,0,13,07,Appliances,03,Equipment
VA_08901_06252024_0000040_0,VA,08901,2024-06-25,0000040,0,26,06,Electrical Malfunction,04,Electrical
MA_09298_09202024_1252_0,MA,09298,2024-09-20,1252,0,12,05,Cooking,03,Equipment
CA_19105_09052024_1626_0,CA,19105,2024-09-05,1626,0,20,10,Other Equipment,03,Equipment
MA_25035_04062024_0022893_0,MA,25035,2024-04-06,0022893,0,12,05,Cooking,03,Equipment
CA_33115_02042024_0018456_0,CA,33115,2024-02-04,0018456,0,24,15,Other Unintentional/Careless,07,Unknown
NV_16104_07032024_1003705_0,NV,16104,2024-07-03,1003705,0,4,01,Intentional,01,Firesetting
TX_WP801_07212024_0060525_0,TX,WP801,2024-07-21,0060525,0,15,07,Appliances,03,Equipment
PA_15054_06162024_307_0,PA,15054,2024-06-16,307,0,12,05,Cooking,03,Equipment
NH_20890_02192024_24051_0,NH,20890,2024-02-19,24051,0,11,04,Heating,03,Equipment
CA_19110_10182024_4368925_0,CA,19110,2024-10-18,4368925,0,37,13,Unknown,07,Unknown
WA_17M15_04202024_0053501_0,WA,17M15,2024-04-20,0053501,0,21,15,Other Unintentional/Careless,07,Unknown
CT_02230_12222024_0002578_0,CT,02230,2024-12-22,0002578,0,12,05,Cooking,03,Equipment
TX_WB901_12272024_3620045_0,TX,WB901,2024-12-27,3620045,0,34,13,Unknown,07,Unknown
MO_01005_12052024_2415495_0,MO,01005,2024-12-05,2415495,0,32,09,Other Heat,05,Flame/Heat
NY_24001_04172024_0452572_0,NY,24001,2024-04-17,0452572,0,12,05,Cooking,03,Equipment
TX_GS413_08102024_0008222_0,TX,GS413,2024-08-10,0008222,0,21,15,Other Unintentional/Careless,07,Unknown
TX_SP503_03032024_150_0,TX,SP503,2024-03-03,150,0,26,06,Electrical Malfunction,04,Electrical
MI_08207_05232024_0027373_0,MI,08207,2024-05-23,0027373,0,37,13,Unknown,07,Unknown
OK_14005_06062024_0008424_0,OK,14005,2024-06-06,0008424,0,39,13,Unknown,07,Unknown
OH_49237_08042024_338_0,OH,49237,2024-08-04,338,0,4,01,Intentional,01,Firesetting
SC_30215_02192024_1400054_0,SC,30215,2024-02-19,1400054,0,34,13,Unknown,07,Unknown
TX_GB803_05072024_0036880_0,TX,GB803,2024-05-07,0036880,0,24,15,Other Unintentional/Careless,07,Unknown
TN_71751_02082024_240302_0,TN,71751,2024-02-08,240302,0,11,04,Heating,03,Equipment
FL_20012_03162024_0240906_0,FL,20012,2024-03-16,0240906,0,37,13,Unknown,07,Unknown
IN_25003_11082024_24195_0,IN,25003,2024-11-08,24195,0,37,13,Unknown,07,Unknown
CA_07040_10012024_4122313_0,CA,07040,2024-10-01,4122313,0,12,05,Cooking,03,Equipment
VA_16906_07042024_2412079_0,VA,16906,2024-07-04,2412079,0,39,13,Unknown,07,Unknown
IL_CN161_02172024_0008258_0,IL,CN161,2024-02-17,0008258,0,15,07,Appliances,03,Equipment
CA_58015_01072024_0070101_0,CA,58015,2024-01-07,0070101,0,11,04,Heating,03,Equipment
MA_25057_08092024_0005768_0,MA,25057,2024-08-09,0005768,0,12,05,Cooking,03,Equipment
IL_CS931_09092024_0679508_0,IL,CS931,2024-09-09,0679508,0,12,05,Cooking,03,Equipment
FL_07252_08192024_0090036_1,FL,07252,2024-08-19,0090036,1,3,12,Exposure,06,Exposure
WA_27M16_03102024_2410317_0,WA,27M16,2024-03-10,2410317,0,4,01,Intentional,01,Firesetting
IL_WH252_01302024_0000042_0,IL,WH252,2024-01-30,0000042,0,24,15,Other Unintentional/Careless,07,Unknown
TX_AW824_07122024_0707804_0,TX,AW824,2024-07-12,0707804,0,12,05,Cooking,03,Equipment
WI_10020_03112024_0202406_0,WI,10020,2024-03-11,0202406,0,31,08,Open Flame,05,Flame/Heat
CA_37140_03022024_1842392_0,CA,37140,2024-03-02,1842392,0,12,05,Cooking,03,Equipment
TX_WB901_04202024_1110102_0,TX,WB901,2024-04-20,1110102,0,26,06,Electrical Malfunction,04,Electrical
IL_CS931_08192024_0622859_0,IL,CS931,2024-08-19,0622859,0,12,05,Cooking,03,Equipment
MA_17049_11022024_0006047_0,MA,17049,2024-11-02,0006047,0,12,05,Cooking,03,Equipment
NM_05061_02172024_0000151_0,NM,05061,2024-02-17,0000151,0,34,13,Unknown,07,Unknown
IL_CN561_10192024_242729_0,IL,CN561,2024-10-19,242729,0,12,05,Cooking,03,Equipment
IN_49009_10072024_0092597_0,IN,49009,2024-10-07,0092597,0,16,10,Other Equipment,03,Equipment
MA_27153_07052024_0244721_0,MA,27153,2024-07-05,0244721,0,12,05,Cooking,03,Equipment
OK_72009_10022024_0058118_0,OK,72009,2024-10-02,0058118,0,4,01,Intentional,01,Firesetting
WI_67060_04252024_0003033_0,WI,67060,2024-04-25,0003033,0,12,05,Cooking,03,Equipment
TN_79553_08242024_738814_0,TN,79553,2024-08-24,738814,0,12,05,Cooking,03,Equipment
NY_01001_04022024_047436_0,NY,01001,2024-04-02,047436,0,12,05,Cooking,03,Equipment
GA_06907_02272024_0005224_0,GA,06907,2024-02-27,0005224,0,24,15,Other Unintentional/Careless,07,Unknown
NM_01007_05162024_0048165_0,NM,01007,2024-05-16,0048165,0,37,13,Unknown,07,Unknown
OH_28217_11172024_540_0,OH,28217,2024-11-17,540,0,11,04,Heating,03,Equipment
DE_10100_09012024_0018595_0,DE,10100,2024-09-01,0018595,0,12,05,Cooking,03,Equipment
WI_70020_09072024_241008_0,WI,70020,2024-09-07,241008,0,30,09,Other Heat,05,Flame/Heat
MT_03001_05252024_0007263_0,MT,03001,2024-05-25,0007263,0,34,13,Unknown,07,Unknown
OH_52111_08222024_499_0,OH,52111,2024-08-22,499,0,4,01,Intentional,01,Firesetting
KS_GE101_04232024_0000945_0,KS,GE101,2024-04-23,0000945,0,29,09,Other Heat,05,Flame/Heat
IL_CS931_10032024_0751241_0,IL,CS931,2024-10-03,0751241,0,37,13,Unknown,07,Unknown
CA_19105_08042024_0047_0,CA,19105,2024-08-04,0047,0,32,09,Other Heat,05,Flame/Heat
NY_24001_05092024_0545062_0,NY,24001,2024-05-09,0545062,0,12,05,Cooking,03,Equipment
MS_74002_05132024_24050_0,MS,74002,2024-05-13,24050,0,6,11,Natural,02,Natural
IL_EC114_11262024_2024135_0,IL,EC114,2024-11-26,2024135,0,11,04,Heating,03,Equipment
MO_03611_03212024_309_0,MO,03611,2024-03-21,309,0,18,08,Open Flame,05,Flame/Heat
TX_AW824_02142024_0209222_0,TX,AW824,2024-02-14,0209222,0,37,13,Unknown,07,Unknown
NJ_13523_01202024_0000060_0,NJ,13523,2024-01-20,0000060,0,12,05,Cooking,03,Equipment
MN_82112_12302024_244214_0,MN,82112,2024-12-30,244214,0,24,15,Other Unintentional/Careless,07,Unknown
AL_02610_07262024_0000121_0,AL,02610,2024-07-26,0000121,0,34,13,Unknown,07,Unknown
TX_SP706_06222024_0029798_0,TX,SP706,2024-06-22,0029798,0,13,07,Appliances,03,Equipment
MN_27115_06242024_1761506_0,MN,27115,2024-06-24,1761506,0,12,05,Cooking,03,Equipment
IA_88003_09132024_2400620_0,IA,88003,2024-09-13,2400620,0,39,13,Unknown,07,Unknown
MO_05702_04192024_0000324_0,MO,05702,2024-04-19,0000324,0,34,13,Unknown,07,Unknown
NM_41043_09292024_274_0,NM,41043,2024-09-29,274,0,34,13,Unknown,07,Unknown
CT_06010_08132024_2400479_0,CT,06010,2024-08-13,2400479,0,12,05,Cooking,03,Equipment
MO_08002_11112024_2402576_0,MO,08002,2024-11-11,2402576,0,37,13,Unknown,07,Unknown
LA_37005_01192024_0000761_0,LA,37005,2024-01-19,0000761,0,26,06,Electrical Malfunction,04,Electrical
KS_BT101_03152024_2024018_0,KS,BT101,2024-03-15,2024018,0,12,05,Cooking,03,Equipment
GA_02901_02262024_0001745_0,GA,02901,2024-02-26,0001745,0,16,10,Other Equipment,03,Equipment
FL_23181_01092024_00276_0,FL,23181,2024-01-09,00276,0,12,05,Cooking,03,Equipment
NH_43512_01032024_2024002_0,NH,43512,2024-01-03,2024002,0,11,04,Heating,03,Equipment
NJ_07140_08182024_0011814_0,NJ,07140,2024-08-18,0011814,0,12,05,Cooking,03,Equipment
VA_68000_06172024_0008407_0,VA,68000,2024-06-17,0008407,0,12,05,Cooking,03,Equipment
MA_21046_03112024_0001832_0,MA,21046,2024-03-11,0001832,0,12,05,Cooking,03,Equipment
CA_33030_01062024_0002910_0,CA,33030,2024-01-06,0002910,0,13,07,Appliances,03,Equipment
MN_62210_01212024_241526_0,MN,62210,2024-01-21,241526,0,12,05,Cooking,03,Equipment
CO_01601_11192024_0110107_0,CO,01601,2024-11-19,0110107,0,12,05,Cooking,03,Equipment
MD_24000_04072024_2425403_0,MD,24000,2024-04-07,2425403,0,12,05,Cooking,03,Equipment
FL_07102_07302024_0005530_0,FL,07102,2024-07-30,0005530,0,12,05,Cooking,03,Equipment
NM_15001_12262024_242375_0,NM,15001,2024-12-26,242375,0,31,08,Open Flame,05,Flame/Heat
MA_17207_08152024_0006967_0,MA,17207,2024-08-15,0006967,0,12,05,Cooking,03,Equipment
MI_00910_09112024_0001190_0,MI,00910,2024-09-11,0001190,0,37,13,Unknown,07,Unknown
TN_19532_06152024_2470786_0,TN,19532,2024-06-15,2470786,0,26,06,Electrical Malfunction,04,Electrical
SC_02316_07242024_0103_0,SC,02316,2024-07-24,0103,0,6,11,Natural,02,Natural
PA_15005_10192024_0001807_0,PA,15005,2024-10-19,0001807,0,12,05,Cooking,03,Equipment
IL_CS931_02062024_0093426_0,IL,CS931,2024-02-06,0093426,0,37,13,Unknown,07,Unknown
ND_30213_06262024_1312_0,ND,30213,2024-06-26,1312,0,4,01,Intentional,01,Firesetting
KS_SN101_10312024_2420905_0,KS,SN101,2024-10-31,2420905,0,12,05,Cooking,03,Equipment
OH_30015_04052024_0000038_0,OH,30015,2024-04-05,0000038,0,23,14,Equipment Misoperation/Failure,03,Equipment
ND_39058_11032024_34_0,ND,39058,2024-11-03,34,0,24,15,Other Unintentional/Careless,07,Unknown
FL_11012_05092024_246703_0,FL,11012,2024-05-09,246703,0,37,13,Unknown,07,Unknown
MO_07206_08282024_2024192_0,MO,07206,2024-08-28,2024192,0,34,13,Unknown,07,Unknown
OH_67015_09092024_0003923_0,OH,67015,2024-09-09,0003923,0,15,07,Appliances,03,Equipment
NJ_20013_12292024_0002614_0,NJ,20013,2024-12-29,0002614,0,16,10,Other Equipment,03,Equipment
WI_40200_12252024_0092322_0,WI,40200,2024-12-25,0092322,0,37,13,Unknown,07,Unknown
NC_07806_06262024_4773_0,NC,07806,2024-06-26,4773,0,34,13,Unknown,07,Unknown
LA_40055_03082024_296_0,LA,40055,2024-03-08,296,0,34,13,Unknown,07,Unknown
IL_WH114_08312024_0000042_0,IL,WH114,2024-08-31,0000042,0,37,13,Unknown,07,Unknown
DC_11001_02272024_0032055_0,DC,11001,2024-02-27,0032055,0,34,13,Unknown,07,Unknown
NC_02925_04292024_0000164_0,NC,02925,2024-04-29,0000164,0,24,15,Other Unintentional/Careless,07,Unknown
FL_28042_03252024_0022605_0,FL,28042,2024-03-25,0022605,0,9,03,Smoking,05,Flame/Heat
PA_38015_10162024_0241373_0,PA,38015,2024-10-16,0241373,0,37,13,Unknown,07,Unknown
IL_KA191_06022024_4006527_0,IL,KA191,2024-06-02,4006527,0,34,13,Unknown,07,Unknown
TX_KA926_05142024_5140750_0,TX,KA926,2024-05-14,5140750,0,12,05,Cooking,03,Equipment
NJ_09006_04092024_2405083_0,NJ,09006,2024-04-09,2405083,0,12,05,Cooking,03,Equipment
LA_17030_01142024_0000080_2,LA,17030,2024-01-14,0000080,2,3,12,Exposure,06,Exposure
VA_55000_01202024_0002115_0,VA,55000,2024-01-20,0002115,0,12,05,Cooking,03,Equipment
KS_NS303_04302024_0024833_0,KS,NS303,2024-04-30,0024833,0,24,15,Other Unintentional/Careless,07,Unknown
NY_24001_06232024_0746674_0,NY,24001,2024-06-23,0746674,0,12,05,Cooking,03,Equipment
AR_26001_10022024_1290_0,AR,26001,2024-10-02,1290,0,24,15,Other Unintentional/Careless,07,Unknown
IL_CS931_07252024_0551595_0,IL,CS931,2024-07-25,0551595,0,37,13,Unknown,07,Unknown
MI_07008_07292024_24626_0,MI,07008,2024-07-29,24626,0,24,15,Other Unintentional/Careless,07,Unknown
VA_76000_02072024_0004216_0,VA,76000,2024-02-07,0004216,0,9,03,Smoking,05,Flame/Heat
TX_KA450_09232024_0001844_0,TX,KA450,2024-09-23,0001844,0,4,01,Intentional,01,Firesetting
NY_24001_05132024_0560135_0,NY,24001,2024-05-13,0560135,0,12,05,Cooking,03,Equipment
MS_31007_07072024_2400046_0,MS,31007,2024-07-07,2400046,0,31,08,Open Flame,05,Flame/Heat
SC_12205_12062024_1000292_0,SC,12205,2024-12-06,1000292,0,31,08,Open Flame,05,Flame/Heat
IL_SG383_12052024_1204_0,IL,SG383,2024-12-05,1204,0,34,13,Unknown,07,Unknown
PA_14004_03152024_40_0,PA,14004,2024-03-15,40,0,11,04,Heating,03,Equipment
TX_GB803_08282024_4070665_0,TX,GB803,2024-08-28,4070665,0,12,05,Cooking,03,Equipment
OK_59002_03212024_2024184_0,OK,59002,2024-03-21,2024184,0,34,13,Unknown,07,Unknown
AZ_08203_02082024_059191_0,AZ,08203,2024-02-08,059191,0,34,13,Unknown,07,Unknown
LA_17005_11292024_4038754_0,LA,17005,2024-11-29,4038754,0,37,13,Unknown,07,Unknown
OK_63011_11222024_0005288_0,OK,63011,2024-11-22,0005288,0,21,15,Other Unintentional/Careless,07,Unknown
NC_04130_09132024_0010634_0,NC,04130,2024-09-13,0010634,0,15,07,Appliances,03,Equipment
AK_31100_08082024_0004435_0,AK,31100,2024-08-08,0004435,0,12,05,Cooking,03,Equipment
TN_32151_01152024_2401010_0,TN,32151,2024-01-15,2401010,0,20,10,Other Equipment,03,Equipment
IL_CS931_09122024_0691240_0,IL,CS931,2024-09-12,0691240,0,34,13,Unknown,07,Unknown
PA_02209_04182024_299_0,PA,02209,2024-04-18,299,0,12,05,Cooking,03,Equipment
NY_01001_01222024_009880_0,NY,01001,2024-01-22,009880,0,12,05,Cooking,03,Equipment
TN_05151_12012024_1252_0,TN,05151,2024-12-01,1252,0,23,14,Equipment Misoperation/Failure,03,Equipment
CA_37140_12122024_1958678_0,CA,37140,2024-12-12,1958678,0,16,10,Other Equipment,03,Equipment
MT_17001_07292024_1202431_0,MT,17001,2024-07-29,1202431,0,34,13,Unknown,07,Unknown
IL_CS931_02222024_0132533_0,IL,CS931,2024-02-22,0132533,0,34,13,Unknown,07,Unknown
CA_34080_01042024_1012_0,CA,34080,2024-01-04,1012,0,11,04,Heating,03,Equipment
OH_47021_04082024_533_0,OH,47021,2024-04-08,533,0,4,01,Intentional,01,Firesetting
LA_45025_10302024_2400208_0,LA,45025,2024-10-30,2400208,0,37,13,Unknown,07,Unknown
SC_43501_01172024_2400116_0,SC,43501,2024-01-17,2400116,0,24,15,Other Unintentional/Careless,07,Unknown
NE_01005_08032024_0042236_0,NE,01005,2024-08-03,0042236,0,12,05,Cooking,03,Equipment
MS_03004_03182024_24019_0,MS,03004,2024-03-18,24019,0,34,13,Unknown,07,Unknown
CA_45086_11092024_0012747_0,CA,45086,2024-11-09,0012747,0,11,04,Heating,03,Equipment
TX_TW505_10282024_25048_0,TX,TW505,2024-10-28,25048,0,12,05,Cooking,03,Equipment
CO_00115_10022024_0005772_0,CO,00115,2024-10-02,0005772,0,27,08,Open Flame,05,Flame/Heat
MS_45008_08102024_24092_0,MS,45008,2024-08-10,24092,0,12,05,Cooking,03,Equipment
VA_81000_12012024_0042933_0,VA,81000,2024-12-01,0042933,0,11,04,Heating,03,Equipment
WA_17M13_02042024_0001455_0,WA,17M13,2024-02-04,0001455,0,37,13,Unknown,07,Unknown
MI_06002_11072024_0000074_0,MI,06002,2024-11-07,0000074,0,23,14,Equipment Misoperation/Failure,03,Equipment
WI_55110_05212024_24121_0,WI,55110,2024-05-21,24121,0,34,13,Unknown,07,Unknown
TN_79553_11152024_774061_0,TN,79553,2024-11-15,774061,0,11,04,Heating,03,Equipment
WA_29M07_08152024_0005320_0,WA,29M07,2024-08-15,0005320,0,12,05,Cooking,03,Equipment
PA_06072_09252024_217_0,PA,06072,2024-09-25,217,0,4,01,Intentional,01,Firesetting
MN_73113_10182024_25074_0,MN,73113,2024-10-18,25074,0,31,08,Open Flame,05,Flame/Heat
ME_R2990_03152024_0240159_0,ME,R2990,2024-03-15,0240159,0,11,04,Heating,03,Equipment
PA_36079_02282024_115_0,PA,36079,2024-02-28,115,0,14,06,Electrical Malfunction,04,Electrical
KY_63341_05162024_193_0,KY,63341,2024-05-16,193,0,37,13,Unknown,07,Unknown
IN_49009_01082024_0002146_0,IN,49009,2024-01-08,0002146,0,34,13,Unknown,07,Unknown
RI_02700_06092024_0241421_0,RI,02700,2024-06-09,0241421,0,12,05,Cooking,03,Equipment
NY_24001_05132024_0558376_0,NY,24001,2024-05-13,0558376,0,12,05,Cooking,03,Equipment
MN_43103_01042024_25387_0,MN,43103,2024-01-04,25387,0,12,05,Cooking,03,Equipment
OK_55013_10252024_0080868_0,OK,55013,2024-10-25,0080868,0,27,08,Open Flame,05,Flame/Heat
MA_25057_05032024_0002874_0,MA,25057,2024-05-03,0002874,0,12,05,Cooking,03,Equipment
IN_49009_02212024_0016166_0,IN,49009,2024-02-21,0016166,0,24,15,Other Unintentional/Careless,07,Unknown
PA_36057_12152024_457_0,PA,36057,2024-12-15,457,0,12,05,Cooking,03,Equipment
MA_17100_11102024_0011811_0,MA,17100,2024-11-10,0011811,0,12,05,Cooking,03,Equipment
MA_25035_04142024_0025062_0,MA,25035,2024-04-14,0025062,0,34,13,Unknown,07,Unknown
IL_CS931_03022024_0155441_0,IL,CS931,2024-03-02,0155441,0,37,13,Unknown,07,Unknown
TX_KA926_01232024_1231185_0,TX,KA926,2024-01-23,1231185,0,34,13,Unknown,07,Unknown
MA_17178_07192024_0242302_0,MA,17178,2024-07-19,0242302,0,12,05,Cooking,03,Equipment
NC_03423_05182024_0014524_0,NC,03423,2024-05-18,0014524,0,12,05,Cooking,03,Equipment
SC_10308_11022024_0098116_0,SC,10308,2024-11-02,0098116,0,12,05,Cooking,03,Equipment
FL_10151_08112024_0010354_0,FL,10151,2024-08-11,0010354,0,34,13,Unknown,07,Unknown
AL_03801_08172024_2442050_0,AL,03801,2024-08-17,2442050,0,37,13,Unknown,07,Unknown
LA_17005_09142024_4029627_0,LA,17005,2024-09-14,4029627,0,34,13,Unknown,07,Unknown
MI_04116_02152024_24689_0,MI,04116,2024-02-15,24689,0,12,05,Cooking,03,Equipment
OH_31015_11152024_0070985_0,OH,31015,2024-11-15,0070985,0,34,13,Unknown,07,Unknown
TX_DH807_11122024_0155543_0,TX,DH807,2024-11-12,0155543,0,12,05,Cooking,03,Equipment
MD_15555_08042024_0102462_0,MD,15555,2024-08-04,0102462,0,37,13,Unknown,07,Unknown
WV_27111_11142024_1114224_0,WV,27111,2024-11-14,1114224,0,29,09,Other Heat,05,Flame/Heat
MN_69312_07202024_25122_0,MN,69312,2024-07-20,25122,0,37,13,Unknown,07,Unknown
WA_17D39_09222024_0019776_0,WA,17D39,2024-09-22,0019776,0,34,13,Unknown,07,Unknown
FL_04022_01102024_4005254_0,FL,04022,2024-01-10,4005254,0,26,06,Electrical Malfunction,04,Electrical
PA_02200_02042024_000040_0,PA,02200,2024-02-04,000040,0,12,05,Cooking,03,Equipment
NY_09011_09282024_0002294_0,NY,09011,2024-09-28,0002294,0,23,14,Equipment Misoperation/Failure,03,Equipment
NJ_14122_03072024_00243_0,NJ,14122,2024-03-07,00243,0,12,05,Cooking,03,Equipment
CA_50040_06092024_0420975_0,CA,50040,2024-06-09,0420975,0,37,13,Unknown,07,Unknown
IN_27012_04152024_24044_0,IN,27012,2024-04-15,24044,0,24,15,Other Unintentional/Careless,07,Unknown
IN_59003_01062024_24007_0,IN,59003,2024-01-06,24007,0,11,04,Heating,03,Equipment
NJ_01020_04262024_2402026_0,NJ,01020,2024-04-26,2402026,0,12,05,Cooking,03,Equipment
IN_41011_12012024_004077_0,IN,41011,2024-12-01,004077,0,11,04,Heating,03,Equipment
NJ_15025_02232024_0329_0,NJ,15025,2024-02-23,0329,0,12,05,Cooking,03,Equipment
MA_25035_04082024_0023301_0,MA,25035,2024-04-08,0023301,0,12,05,Cooking,03,Equipment
WI_67040_11192024_0004533_0,WI,67040,2024-11-19,0004533,0,34,13,Unknown,07,Unknown
WV_18103_12022024_41616_0,WV,18103,2024-12-02,41616,0,24,15,Other Unintentional/Careless,07,Unknown
TX_HA615_02242024_0001505_0,TX,HA615,2024-02-24,0001505,0,24,15,Other Unintentional/Careless,07,Unknown
AL_00150_03302024_0002484_0,AL,00150,2024-03-30,0002484,0,24,15,Other Unintentional/Careless,07,Unknown
FL_10162_05132024_4006154_0,FL,10162,2024-05-13,4006154,0,13,07,Appliances,03,Equipment
FL_04042_08292024_4142289_0,FL,04042,2024-08-29,4142289,0,6,11,Natural,02,Natural
TN_43811_07132024_294_0,TN,43811,2024-07-13,294,0,16,10,Other Equipment,03,Equipment
TX_SP611_11172024_0000583_0,TX,SP611,2024-11-17,0000583,0,11,04,Heating,03,Equipment
AZ_08203_06202024_4264356_0,AZ,08203,2024-06-20,4264356,0,37,13,Unknown,07,Unknown
IL_WC153_12022024_2024131_0,IL,WC153,2024-12-02,2024131,0,34,13,Unknown,07,Unknown
KS_JO204_10182024_2920200_0,KS,JO204,2024-10-18,2920200,0,4,01,Intentional,01,Firesetting
TX_DR415_11022024_0001042_0,TX,DR415,2024-11-02,0001042,0,12,05,Cooking,03,Equipment
FL_07212_11212024_0057448_0,FL,07212,2024-11-21,0057448,0,11,04,Heating,03,Equipment
CA_19105_12242024_1117_0,CA,19105,2024-12-24,1117,0,11,04,Heating,03,Equipment
MI_03604_07252024_0002435_0,MI,03604,2024-07-25,0002435,0,39,13,Unknown,07,Unknown
IL_TA271_06082024_243030_1,IL,TA271,2024-06-08,243030,1,3,12,Exposure,06,Exposure
OH_18011_02182024_000410_0,OH,18011,2024-02-18,000410,0,23,14,Equipment Misoperation/Failure,03,Equipment
CO_06960_08132024_2416309_0,CO,06960,2024-08-13,2416309,0,14,06,Electrical Malfunction,04,Electrical
CA_19105_09122024_0510_0,CA,19105,2024-09-12,0510,0,24,15,Other Unintentional/Careless,07,Unknown
AL_06104_03012024_655_0,AL,06104,2024-03-01,655,0,12,05,Cooking,03,Equipment
CO_08375_12292024_24056_0,CO,08375,2024-12-29,24056,0,37,13,Unknown,07,Unknown
TX_DR604_03162024_0004751_0,TX,DR604,2024-03-16,0004751,0,6,11,Natural,02,Natural
CO_00135_01252024_4000177_0,CO,00135,2024-01-25,4000177,0,14,06,Electrical Malfunction,04,Electrical
IL_WH192_08222024_2400602_0,IL,WH192,2024-08-22,2400602,0,24,15,Other Unintentional/Careless,07,Unknown
MA_05201_06202024_6043_0,MA,05201,2024-06-20,6043,0,14,06,Electrical Malfunction,04,Electrical
TX_WP801_10202024_0088094_0,TX,WP801,2024-10-20,0088094,0,34,13,Unknown,07,Unknown
IN_05001_04012024_24172_0,IN,05001,2024-04-01,24172,0,37,13,Unknown,07,Unknown
PA_10033_07312024_347_0,PA,10033,2024-07-31,347,0,24,15,Other Unintentional/Careless,07,Unknown
VA_81000_09142024_0033421_0,VA,81000,2024-09-14,0033421,0,12,05,Cooking,03,Equipment
SC_38223_09302024_2407503_0,SC,38223,2024-09-30,2407503,0,12,05,Cooking,03,Equipment
CA_19100_01202024_2403699_0,CA,19100,2024-01-20,2403699,0,34,13,Unknown,07,Unknown
WV_14106_04212024_0006347_0,WV,14106,2024-04-21,0006347,0,23,14,Equipment Misoperation/Failure,03,Equipment
IN_49009_12312024_0120276_0,IN,49009,2024-12-31,0120276,0,14,06,Electrical Malfunction,04,Electrical
AL_00222_09292024_4015612_0,AL,00222,2024-09-29,4015612,0,24,15,Other Unintentional/Careless,07,Unknown
IL_LB262_06142024_0001966_0,IL,LB262,2024-06-14,0001966,0,14,06,Electrical Malfunction,04,Electrical
MN_13111_07202024_24183_0,MN,13111,2024-07-20,24183,0,29,09,Other Heat,05,Flame/Heat
IN_79015_09202024_0002190_0,IN,79015,2024-09-20,0002190,0,31,08,Open Flame,05,Flame/Heat
WA_03M02_09262024_2410097_0,WA,03M02,2024-09-26,2410097,0,29,09,Other Heat,05,Flame/Heat
NE_01005_03152024_0014204_0,NE,01005,2024-03-15,0014204,0,37,13,Unknown,07,Unknown
NC_08702_08292024_0417190_0,NC,08702,2024-08-29,0417190,0,37,13,Unknown,07,Unknown
ID_35303_02252024_2400867_0,ID,35303,2024-02-25,2400867,0,11,04,Heating,03,Equipment
UT_35014_07312024_241742_1,UT,35014,2024-07-31,241742,1,3,12,Exposure,06,Exposure
OH_22115_06162024_1319_0,OH,22115,2024-06-16,1319,0,37,13,Unknown,07,Unknown
CA_19105_01142024_1133_0,CA,19105,2024-01-14,1133,0,12,05,Cooking,03,Equipment
TX_AW824_08292024_0819535_0,TX,AW824,2024-08-29,0819535,0,34,13,Unknown,07,Unknown
VA_01101_12262024_1000082_0,VA,01101,2024-12-26,1000082,0,31,08,Open Flame,05,Flame/Heat
IL_DD332_05112024_242235_0,IL,DD332,2024-05-11,242235,0,12,05,Cooking,03,Equipment
PA_02261_05092024_2400227_0,PA,02261,2024-05-09,2400227,0,24,15,Other Unintentional/Careless,07,Unknown
AL_03107_03212024_0000281_0,AL,03107,2024-03-21,0000281,0,24,15,Other Unintentional/Careless,07,Unknown
CA_43090_11102024_2410263_0,CA,43090,2024-11-10,2410263,0,12,05,Cooking,03,Equipment
VA_59000_03212024_4002295_0,VA,59000,2024-03-21,4002295,0,31,08,Open Flame,05,Flame/Heat
GA_07808_04152024_24151_0,GA,07808,2024-04-15,24151,0,31,08,Open Flame,05,Flame/Heat
TX_HN309_10312024_0000276_0,TX,HN309,2024-10-31,0000276,0,34,13,Unknown,07,Unknown
MA_25035_09292024_0071165_0,MA,25035,2024-09-29,0071165,0,12,05,Cooking,03,Equipment
MI_07313_04102024_0000336_0,MI,07313,2024-04-10,0000336,0,15,07,Appliances,03,Equipment
NJ_15072_10092024_2400146_0,NJ,15072,2024-10-09,2400146,0,34,13,Unknown,07,Unknown
TX_TB306_08032024_1000276_0,TX,TB306,2024-08-03,1000276,0,34,13,Unknown,07,Unknown
TX_WB901_12282024_3630019_0,TX,WB901,2024-12-28,3630019,0,12,05,Cooking,03,Equipment
MI_08207_01052024_0000940_0,MI,08207,2024-01-05,0000940,0,26,06,Electrical Malfunction,04,Electrical
TX_TR404_07162024_642_0,TX,TR404,2024-07-16,642,0,20,10,Other Equipment,03,Equipment
NJ_07140_01102024_0000482_0,NJ,07140,2024-01-10,0000482,0,34,13,Unknown,07,Unknown
CA_19105_03122024_1132_0,CA,19105,2024-03-12,1132,0,37,13,Unknown,07,Unknown
IL_CS931_02242024_0136831_0,IL,CS931,2024-02-24,0136831,0,12,05,Cooking,03,Equipment
IL_CN282_09122024_2404663_0,IL,CN282,2024-09-12,2404663,0,32,09,Other Heat,05,Flame/Heat
IN_71008_06182024_0004952_0,IN,71008,2024-06-18,0004952,0,12,05,Cooking,03,Equipment
ME_C4310_04052024_241911_0,ME,C4310,2024-04-05,241911,0,21,15,Other Unintentional/Careless,07,Unknown
AL_05009_12302024_2400711_0,AL,05009,2024-12-30,2400711,0,12,05,Cooking,03,Equipment
AR_47301_11102024_2024404_0,AR,47301,2024-11-10,2024404,0,12,05,Cooking,03,Equipment
NY_05028_08212024_0001234_0,NY,05028,2024-08-21,0001234,0,12,05,Cooking,03,Equipment
AR_55002_04052024_0040524_0,AR,55002,2024-04-05,0040524,0,34,13,Unknown,07,Unknown
SC_40104_09302024_2433712_0,SC,40104,2024-09-30,2433712,0,26,06,Electrical Malfunction,04,Electrical
MO_05014_05122024_2401219_0,MO,05014,2024-05-12,2401219,0,37,13,Unknown,07,Unknown
TX_WB504_10282024_0003399_0,TX,WB504,2024-10-28,0003399,0,34,13,Unknown,07,Unknown
MD_16045_11122024_0161360_0,MD,16045,2024-11-12,0161360,0,37,13,Unknown,07,Unknown
WV_02102_12312024_0001101_0,WV,02102,2024-12-31,0001101,0,34,13,Unknown,07,Unknown
AZ_08203_11012024_4474746_0,AZ,08203,2024-11-01,4474746,0,4,01,Intentional,01,Firesetting
GA_03103_10182024_2410419_0,GA,03103,2024-10-18,2410419,0,6,11,Natural,02,Natural
MI_03909_01282024_0000962_0,MI,03909,2024-01-28,0000962,0,37,13,Unknown,07,Unknown
IL_MK332_07232024_244367_0,IL,MK332,2024-07-23,244367,0,12,05,Cooking,03,Equipment
ID_27211_03022024_0001183_0,ID,27211,2024-03-02,0001183,0,26,06,Electrical Malfunction,04,Electrical
CA_37005_04092024_0000512_0,CA,37005,2024-04-09,0000512,0,34,13,Unknown,07,Unknown
SC_43501_07312024_2401440_0,SC,43501,2024-07-31,2401440,0,34,13,Unknown,07,Unknown
PA_51001_11162024_2442016_0,PA,51001,2024-11-16,2442016,0,4,01,Intentional,01,Firesetting
PA_44007_08142024_93_0,PA,44007,2024-08-14,93,0,38,16,Cause Under Investigation,07,Unknown
MA_23239_10302024_0010434_0,MA,23239,2024-10-30,0010434,0,12,05,Cooking,03,Equipment
OH_77052_01122024_0000070_0,OH,77052,2024-01-12,0000070,0,12,05,Cooking,03,Equipment
TX_GB803_11172024_4092703_0,TX,GB803,2024-11-17,4092703,0,12,05,Cooking,03,Equipment
MS_57003_12282024_24195_0,MS,57003,2024-12-28,24195,0,24,15,Other Unintentional/Careless,07,Unknown
PA_56614_01212024_0000016_0,PA,56614,2024-01-21,0000016,0,12,05,Cooking,03,Equipment
NY_36021_06132024_0000056_0,NY,36021,2024-06-13,0000056,0,23,14,Equipment Misoperation/Failure,03,Equipment
WA_01D05_03062024_0000079_0,WA,01D05,2024-03-06,0000079,0,24,15,Other Unintentional/Careless,07,Unknown
VA_09900_01232024_4000259_0,VA,09900,2024-01-23,4000259,0,14,06,Electrical Malfunction,04,Electrical
TN_54313_08152024_1408_0,TN,54313,2024-08-15,1408,0,4,01,Intentional,01,Firesetting
AZ_08483_01122024_241017_0,AZ,08483,2024-01-12,241017,0,23,14,Equipment Misoperation/Failure,03,Equipment
TX_KA421_10272024_000331_0,TX,KA421,2024-10-27,000331,0,34,13,Unknown,07,Unknown
CO_01601_06302024_0061721_0,CO,01601,2024-06-30,0061721,0,32,09,Other Heat,05,Flame/Heat
KY_66846_04222024_2024027_0,KY,66846,2024-04-22,2024027,0,34,13,Unknown,07,Unknown
FL_19122_08152024_1711_0,FL,19122,2024-08-15,1711,0,4,01,Intentional,01,Firesetting
OH_79043_05042024_4012120_0,OH,79043,2024-05-04,4012120,0,37,13,Unknown,07,Unknown
LA_37005_10292024_0010621_0,LA,37005,2024-10-29,0010621,0,37,13,Unknown,07,Unknown
CA_34080_09072024_4074766_0,CA,34080,2024-09-07,4074766,0,34,13,Unknown,07,Unknown
MS_58003_09152024_2409176_0,MS,58003,2024-09-15,2409176,0,4,01,Intentional,01,Firesetting
NV_03050_11052024_4467565_0,NV,03050,2024-11-05,4467565,0,24,15,Other Unintentional/Careless,07,Unknown
OH_09025_12212024_0002999_0,OH,09025,2024-12-21,0002999,0,34,13,Unknown,07,Unknown
NJ_09006_05122024_2406783_0,NJ,09006,2024-05-12,2406783,0,26,06,Electrical Malfunction,04,Electrical
IN_26016_01032024_25106_0,IN,26016,2024-01-03,25106,0,12,05,Cooking,03,Equipment
AL_02906_10222024_0002711_0,AL,02906,2024-10-22,0002711,0,34,13,Unknown,07,Unknown
MO_04813_01142024_0005204_0,MO,04813,2024-01-14,0005204,0,9,03,Smoking,05,Flame/Heat
LA_01010_01122024_2400005_0,LA,01010,2024-01-12,2400005,0,24,15,Other Unintentional/Careless,07,Unknown
MA_17100_06032024_0005669_0,MA,17100,2024-06-03,0005669,0,15,07,Appliances,03,Equipment
CA_33120_02082024_0020905_0,CA,33120,2024-02-08,0020905,0,14,06,Electrical Malfunction,04,Electrical
CT_05140_07262024_0004720_0,CT,05140,2024-07-26,0004720,0,12,05,Cooking,03,Equipment
AZ_08113_06262024_4068075_0,AZ,08113,2024-06-26,4068075,0,13,07,Appliances,03,Equipment
IA_29001_08122024_0003926_0,IA,29001,2024-08-12,0003926,0,37,13,Unknown,07,Unknown
CA_16015_12032024_004977_0,CA,16015,2024-12-03,004977,0,12,05,Cooking,03,Equipment
MA_17274_06192024_0007977_0,MA,17274,2024-06-19,0007977,0,24,15,Other Unintentional/Careless,07,Unknown
RI_02800_02262024_0006765_0,RI,02800,2024-02-26,0006765,0,11,04,Heating,03,Equipment
WA_17M15_08232024_0116468_0,WA,17M15,2024-08-23,0116468,0,37,13,Unknown,07,Unknown
MS_24014_04172024_241963_0,MS,24014,2024-04-17,241963,0,11,04,Heating,03,Equipment
SC_43109_08052024_2402400_0,SC,43109,2024-08-05,2402400,0,34,13,Unknown,07,Unknown
TN_36221_05012024_310_0,TN,36221,2024-05-01,310,0,12,05,Cooking,03,Equipment
GA_12900_06152024_24818_0,GA,12900,2024-06-15,24818,0,26,06,Electrical Malfunction,04,Electrical
NM_01007_01122024_0005119_0,NM,01007,2024-01-12,0005119,0,37,13,Unknown,07,Unknown
NY_52005_11272024_0001095_0,NY,52005,2024-11-27,0001095,0,12,05,Cooking,03,Equipment
NH_80230_10172024_242672_0,NH,80230,2024-10-17,242672,0,12,05,Cooking,03,Equipment
TX_AV612_04092024_2404126_0,TX,AV612,2024-04-09,2404126,0,34,13,Unknown,07,Unknown
CA_19105_09292024_0123_0,CA,19105,2024-09-29,0123,0,37,13,Unknown,07,Unknown
TX_DH720_02112024_0002706_0,TX,DH720,2024-02-11,0002706,0,6,11,Natural,02,Natural
PA_46994_02212024_220_0,PA,46994,2024-02-21,220,0,4,01,Intentional,01,Firesetting
TX_XS603_04262024_738_0,TX,XS603,2024-04-26,738,0,6,11,Natural,02,Natural
CA_37007_07142024_0000544_0,CA,37007,2024-07-14,0000544,0,34,13,Unknown,07,Unknown
MA_17049_09212024_0004025_0,MA,17049,2024-09-21,0004025,0,12,05,Cooking,03,Equipment
MI_04116_11232024_244849_0,MI,04116,2024-11-23,244849,0,27,08,Open Flame,05,Flame/Heat
PA_50010_06042024_81_0,PA,50010,2024-06-04,81,0,24,15,Other Unintentional/Careless,07,Unknown
PA_36074_12212024_0000745_0,PA,36074,2024-12-21,0000745,0,27,08,Open Flame,05,Flame/Heat
CA_19075_04062024_4005762_0,CA,19075,2024-04-06,4005762,0,34,13,Unknown,07,Unknown
CA_19110_12242024_4454222_0,CA,19110,2024-12-24,4454222,0,34,13,Unknown,07,Unknown
CA_56020_09202024_0080529_0,CA,56020,2024-09-20,0080529,0,21,15,Other Unintentional/Careless,07,Unknown
NH_61311_04132024_0637_0,NH,61311,2024-04-13,0637,0,12,05,Cooking,03,Equipment
NY_08007_03312024_0000195_0,NY,08007,2024-03-31,0000195,0,11,04,Heating,03,Equipment
AR_42015_05282024_0024177_0,AR,42015,2024-05-28,0024177,0,24,15,Other Unintentional/Careless,07,Unknown
GA_02801_05092024_2412140_0,GA,02801,2024-05-09,2412140,0,34,13,Unknown,07,Unknown
TN_33512_10082024_4018250_1,TN,33512,2024-10-08,4018250,1,3,12,Exposure,06,Exposure
MS_29008_11142024_24236_0,MS,29008,2024-11-14,24236,0,39,13,Unknown,07,Unknown
TN_45113_02182024_2402027_0,TN,45113,2024-02-18,2402027,0,24,15,Other Unintentional/Careless,07,Unknown
IL_CS931_06182024_0444532_0,IL,CS931,2024-06-18,0444532,0,37,13,Unknown,07,Unknown
MA_21046_05082024_0003363_0,MA,21046,2024-05-08,0003363,0,12,05,Cooking,03,Equipment
MI_01202_09162024_24943_0,MI,01202,2024-09-16,24943,0,4,01,Intentional,01,Firesetting
IA_77008_03292024_0008091_0,IA,77008,2024-03-29,0008091,0,12,05,Cooking,03,Equipment
CA_39065_08202024_0027457_0,CA,39065,2024-08-20,0027457,0,37,13,Unknown,07,Unknown
PA_67099_04092024_0001038_0,PA,67099,2024-04-09,0001038,0,12,05,Cooking,03,Equipment
FL_09023_12212024_4020242_0,FL,09023,2024-12-21,4020242,0,22,14,Equipment Misoperation/Failure,03,Equipment
KS_JO315_09162024_0003785_0,KS,JO315,2024-09-16,0003785,0,34,13,Unknown,07,Unknown
TX_VV602_08042024_171_0,TX,VV602,2024-08-04,171,0,34,13,Unknown,07,Unknown
SC_26501_05092024_0023075_0,SC,26501,2024-05-09,0023075,0,12,05,Cooking,03,Equipment
NE_01005_02282024_0011151_0,NE,01005,2024-02-28,0011151,0,34,13,Unknown,07,Unknown
OH_77001_05022024_0015919_0,OH,77001,2024-05-02,0015919,0,24,15,Other Unintentional/Careless,07,Unknown
PA_37002_01132024_15_0,PA,37002,2024-01-13,15,0,31,08,Open Flame,05,Flame/Heat
MA_07296_08252024_4021557_0,MA,07296,2024-08-25,4021557,0,12,05,Cooking,03,Equipment
HI_51000_10052024_0023779_0,HI,51000,2024-10-05,0023779,0,37,13,Unknown,07,Unknown
AZ_11063_01052024_2400333_0,AZ,11063,2024-01-05,2400333,0,39,13,Unknown,07,Unknown
FL_17072_03152024_241194_1,FL,17072,2024-03-15,241194,1,3,12,Exposure,06,Exposure
DE_40085_05262024_0022276_0,DE,40085,2024-05-26,0022276,0,31,08,Open Flame,05,Flame/Heat
LA_09060_08242024_0031047_0,LA,09060,2024-08-24,0031047,0,37,13,Unknown,07,Unknown
IL_CS931_01112024_0025724_0,IL,CS931,2024-01-11,0025724,0,34,13,Unknown,07,Unknown
AR_02009_06232024_1000014_0,AR,02009,2024-06-23,1000014,0,34,13,Unknown,07,Unknown
CA_19110_05012024_4148318_0,CA,19110,2024-05-01,4148318,0,37,13,Unknown,07,Unknown
CA_31125_05192024_0013842_0,CA,31125,2024-05-19,0013842,0,4,01,Intentional,01,Firesetting
OK_55013_12192024_0095848_0,OK,55013,2024-12-19,0095848,0,34,13,Unknown,07,Unknown
TX_TC701_02042024_0002117_0,TX,TC701,2024-02-04,0002117,0,24,15,Other Unintentional/Careless,07,Unknown
PA_21005_07282024_485_0,PA,21005,2024-07-28,485,0,38,16,Cause Under Investigation,07,Unknown
WI_51010_09152024_2409077_0,WI,51010,2024-09-15,2409077,0,12,05,Cooking,03,Equipment
TX_XY406_09242024_0242027_0,TX,XY406,2024-09-24,0242027,0,23,14,Equipment Misoperation/Failure,03,Equipment
TN_19532_08152024_2498525_0,TN,19532,2024-08-15,2498525,0,12,05,Cooking,03,Equipment
IN_02005_07132024_0012330_0,IN,02005,2024-07-13,0012330,0,12,05,Cooking,03,Equipment
FL_07212_08032024_0037922_0,FL,07212,2024-08-03,0037922,0,12,05,Cooking,03,Equipment
TX_KA926_10282024_0280585_0,TX,KA926,2024-10-28,0280585,0,27,08,Open Flame,05,Flame/Heat
AL_04302_01282024_4000492_0,AL,04302,2024-01-28,4000492,0,12,05,Cooking,03,Equipment
NC_03118_08062024_33_0,NC,03118,2024-08-06,33,0,14,06,Electrical Malfunction,04,Electrical
MA_23044_08292024_18921_0,MA,23044,2024-08-29,18921,0,34,13,Unknown,07,Unknown
MI_05021_11222024_0019057_0,MI,05021,2024-11-22,0019057,0,12,05,Cooking,03,Equipment
WV_20205_12172024_0021096_0,WV,20205,2024-12-17,0021096,0,12,05,Cooking,03,Equipment
MD_16030_09012024_0123689_0,MD,16030,2024-09-01,0123689,0,12,05,Cooking,03,Equipment
TN_75713_09222024_0007775_0,TN,75713,2024-09-22,0007775,0,37,13,Unknown,07,Unknown
MI_08207_12252024_0069433_0,MI,08207,2024-12-25,0069433,0,12,05,Cooking,03,Equipment
TX_WB901_02182024_0490234_0,TX,WB901,2024-02-18,0490234,0,32,09,Other Heat,05,Flame/Heat
TX_TW505_10132024_25012_0,TX,TW505,2024-10-13,25012,0,24,15,Other Unintentional/Careless,07,Unknown
CA_30065_10292024_0152975_0,CA,30065,2024-10-29,0152975,0,37,13,Unknown,07,Unknown
OR_00291_03062024_24432_0,OR,00291,2024-03-06,24432,0,34,13,Unknown,07,Unknown
FL_07252_11152024_0124575_0,FL,07252,2024-11-15,0124575,0,27,08,Open Flame,05,Flame/Heat
AK_23100_04032024_0012858_0,AK,23100,2024-04-03,0012858,0,37,13,Unknown,07,Unknown
CA_37140_05182024_1870061_0,CA,37140,2024-05-18,1870061,0,12,05,Cooking,03,Equipment
KS_SN101_04212024_247245_0,KS,SN101,2024-04-21,247245,0,37,13,Unknown,07,Unknown
AK_21100_02092024_24019_0,AK,21100,2024-02-09,24019,0,34,13,Unknown,07,Unknown
CA_33090_07232024_0111707_0,CA,33090,2024-07-23,0111707,0,11,04,Heating,03,Equipment
AZ_15073_06142024_0008223_0,AZ,15073,2024-06-14,0008223,0,37,13,Unknown,07,Unknown
VA_77500_06182024_2402833_0,VA,77500,2024-06-18,2402833,0,12,05,Cooking,03,Equipment
SC_02203_11172024_7842042_0,SC,02203,2024-11-17,7842042,0,16,10,Other Equipment,03,Equipment
WI_36010_03162024_2024016_0,WI,36010,2024-03-16,2024016,0,11,04,Heating,03,Equipment
TX_TC701_05222024_0008883_0,TX,TC701,2024-05-22,0008883,0,12,05,Cooking,03,Equipment
MI_08207_05022024_0023103_0,MI,08207,2024-05-02,0023103,0,4,01,Intentional,01,Firesetting
LA_09060_04142024_0013520_0,LA,09060,2024-04-14,0013520,0,37,13,Unknown,07,Unknown
NY_24001_06172024_0716436_0,NY,24001,2024-06-17,0716436,0,11,04,Heating,03,Equipment
IL_SB111_03032024_0004416_0,IL,SB111,2024-03-03,0004416,0,31,08,Open Flame,05,Flame/Heat
CO_07710_07032024_0002158_0,CO,07710,2024-07-03,0002158,0,37,13,Unknown,07,Unknown
SC_10308_06182024_0052785_0,SC,10308,2024-06-18,0052785,0,26,06,Electrical Malfunction,04,Electrical
NM_49061_09302024_2415704_0,NM,49061,2024-09-30,2415704,0,4,01,Intentional,01,Firesetting
WI_67210_11052024_2492028_0,WI,67210,2024-11-05,2492028,0,6,11,Natural,02,Natural
NY_24001_11242024_1436338_0,NY,24001,2024-11-24,1436338,0,12,05,Cooking,03,Equipment
SC_26501_07162024_0037374_0,SC,26501,2024-07-16,0037374,0,6,11,Natural,02,Natural
NJ_07130_01072024_0002024_0,NJ,07130,2024-01-07,0002024,0,12,05,Cooking,03,Equipment
NM_05061_03172024_0000240_0,NM,05061,2024-03-17,0000240,0,34,13,Unknown,07,Unknown
MD_14006_02212024_83_0,MD,14006,2024-02-21,83,0,11,04,Heating,03,Equipment
IN_48002_06062024_0001772_0,IN,48002,2024-06-06,0001772,0,34,13,Unknown,07,Unknown
NM_15001_04092024_817_0,NM,15001,2024-04-09,817,0,30,09,Other Heat,05,Flame/Heat
OK_72015_03232024_0000049_0,OK,72015,2024-03-23,0000049,0,34,13,Unknown,07,Unknown
CA_19110_02092024_4048900_0,CA,19110,2024-02-09,4048900,0,37,13,Unknown,07,Unknown
MN_69312_06032024_25090_0,MN,69312,2024-06-03,25090,0,26,06,Electrical Malfunction,04,Electrical
CA_43060_02192024_0001281_0,CA,43060,2024-02-19,0001281,0,37,13,Unknown,07,Unknown
ID_57301_07032024_1497_0,ID,57301,2024-07-03,1497,0,30,09,Other Heat,05,Flame/Heat
PA_51001_01212024_246990_0,PA,51001,2024-01-21,246990,0,39,13,Unknown,07,Unknown
FL_01032_04212024_4097236_0,FL,01032,2024-04-21,4097236,0,9,03,Smoking,05,Flame/Heat
CT_05160_06262024_0000678_0,CT,05160,2024-06-26,0000678,0,12,05,Cooking,03,Equipment
MA_03236_07042024_33978_0,MA,03236,2024-07-04,33978,0,12,05,Cooking,03,Equipment
ID_87330_12102024_2412652_0,ID,87330,2024-12-10,2412652,0,21,15,Other Unintentional/Careless,07,Unknown
MO_07202_04132024_0240038_0,MO,07202,2024-04-13,0240038,0,34,13,Unknown,07,Unknown
UT_53011_07032024_0004426_0,UT,53011,2024-07-03,0004426,0,37,13,Unknown,07,Unknown
KS_SN101_09262024_2418233_0,KS,SN101,2024-09-26,2418233,0,4,01,Intentional,01,Firesetting
KS_GE101_10132024_0002580_0,KS,GE101,2024-10-13,0002580,0,13,07,Appliances,03,Equipment
LA_28020_04192024_0116106_0,LA,28020,2024-04-19,0116106,0,21,15,Other Unintentional/Careless,07,Unknown
GA_13808_09202024_24031_0,GA,13808,2024-09-20,24031,0,24,15,Other Unintentional/Careless,07,Unknown
MA_21046_10122024_0007910_0,MA,21046,2024-10-12,0007910,0,12,05,Cooking,03,Equipment
MT_03001_11302024_0016811_0,MT,03001,2024-11-30,0016811,0,9,03,Smoking,05,Flame/Heat
MD_16023_12212024_0181222_0,MD,16023,2024-12-21,0181222,0,34,13,Unknown,07,Unknown
GA_04405_07162024_0352334_0,GA,04405,2024-07-16,0352334,0,37,13,Unknown,07,Unknown
MT_01001_05302024_0002057_0,MT,01001,2024-05-30,0002057,0,6,11,Natural,02,Natural
MO_09545_11032024_0055629_0,MO,09545,2024-11-03,0055629,0,12,05,Cooking,03,Equipment
UT_15007_03192024_2401458_0,UT,15007,2024-03-19,2401458,0,21,15,Other Unintentional/Careless,07,Unknown
GA_04405_12222024_0647062_0,GA,04405,2024-12-22,0647062,0,26,06,Electrical Malfunction,04,Electrical
NM_01007_03052024_0024962_0,NM,01007,2024-03-05,0024962,0,37,13,Unknown,07,Unknown
FL_28042_07012024_4048912_0,FL,28042,2024-07-01,4048912,0,37,13,Unknown,07,Unknown
NC_03422_06142024_0000864_0,NC,03422,2024-06-14,0000864,0,9,03,Smoking,05,Flame/Heat
GA_05702_11112024_0005944_0,GA,05702,2024-11-11,0005944,0,37,13,Unknown,07,Unknown
MA_17308_02112024_0001070_0,MA,17308,2024-02-11,0001070,0,11,04,Heating,03,Equipment
OH_20011_06152024_1000030_0,OH,20011,2024-06-15,1000030,0,23,14,Equipment Misoperation/Failure,03,Equipment
ND_51238_06092024_186_0,ND,51238,2024-06-09,186,0,31,08,Open Flame,05,Flame/Heat
MI_05907_10272024_2404688_0,MI,05907,2024-10-27,2404688,0,12,05,Cooking,03,Equipment
OH_78049_02162024_2400037_0,OH,78049,2024-02-16,2400037,0,11,04,Heating,03,Equipment
CA_56010_01092024_0002639_0,CA,56010,2024-01-09,0002639,0,11,04,Heating,03,Equipment
VA_04100_10102024_0041232_0,VA,04100,2024-10-10,0041232,0,24,15,Other Unintentional/Careless,07,Unknown
MA_21050_11122024_0244653_0,MA,21050,2024-11-12,0244653,0,12,05,Cooking,03,Equipment
OH_21003_12222024_248295_0,OH,21003,2024-12-22,248295,0,12,05,Cooking,03,Equipment
AR_33001_07012024_2024130_0,AR,33001,2024-07-01,2024130,0,14,06,Electrical Malfunction,04,Electrical
CA_33025_03102024_2402954_0,CA,33025,2024-03-10,2402954,0,12,05,Cooking,03,Equipment
FL_01042_02202024_0003318_0,FL,01042,2024-02-20,0003318,0,12,05,Cooking,03,Equipment
PA_39007_05122024_0240404_0,PA,39007,2024-05-12,0240404,0,26,06,Electrical Malfunction,04,Electrical
IL_CS931_07192024_0533211_0,IL,CS931,2024-07-19,0533211,0,37,13,Unknown,07,Unknown
NH_51714_01022024_2400067_0,NH,51714,2024-01-02,2400067,0,9,03,Smoking,05,Flame/Heat
FL_10172_06062024_0012760_0,FL,10172,2024-06-06,0012760,0,12,05,Cooking,03,Equipment
IL_CS931_11022024_0830275_0,IL,CS931,2024-11-02,0830275,0,8,09,Other Heat,05,Flame/Heat
IA_07001_12032024_242121_0,IA,07001,2024-12-03,242121,0,12,05,Cooking,03,Equipment
TN_30363_11272024_4001734_0,TN,30363,2024-11-27,4001734,0,34,13,Unknown,07,Unknown
DE_20011_01202024_2400089_0,DE,20011,2024-01-20,2400089,0,11,04,Heating,03,Equipment
SC_46116_10312024_0008536_0,SC,46116,2024-10-31,0008536,0,12,05,Cooking,03,Equipment
IN_53003_05272024_2402466_0,IN,53003,2024-05-27,2402466,0,12,05,Cooking,03,Equipment
NY_15084_04082024_0000835_0,NY,15084,2024-04-08,0000835,0,34,13,Unknown,07,Unknown
NY_24001_12272024_1573620_0,NY,24001,2024-12-27,1573620,0,12,05,Cooking,03,Equipment
NV_03002_03292024_4128167_0,NV,03002,2024-03-29,4128167,0,37,13,Unknown,07,Unknown
IL_CN182_08152024_242914_0,IL,CN182,2024-08-15,242914,0,34,13,Unknown,07,Unknown
CA_19105_05172024_1082_0,CA,19105,2024-05-17,1082,0,12,05,Cooking,03,Equipment
AL_01101_08052024_0244066_0,AL,01101,2024-08-05,0244066,0,38,16,Cause Under Investigation,07,Unknown
VA_15301_10052024_0057237_0,VA,15301,2024-10-05,0057237,0,15,07,Appliances,03,Equipment
WA_39M11_12052024_248085_0,WA,39M11,2024-12-05,248085,0,11,04,Heating,03,Equipment
WA_27M16_06232024_2425268_0,WA,27M16,2024-06-23,2425268,0,12,05,Cooking,03,Equipment
NJ_14170_12152024_2441608_0,NJ,14170,2024-12-15,2441608,0,11,04,Heating,03,Equipment
UT_35011_09282024_243302_0,UT,35011,2024-09-28,243302,0,12,05,Cooking,03,Equipment
CA_33090_05012024_0064850_0,CA,33090,2024-05-01,0064850,0,12,05,Cooking,03,Equipment
LA_26066_09092024_0000283_0,LA,26066,2024-09-09,0000283,0,37,13,Unknown,07,Unknown
MN_62210_04092024_246677_0,MN,62210,2024-04-09,246677,0,12,05,Cooking,03,Equipment
IA_54005_03162024_24053_0,IA,54005,2024-03-16,24053,0,24,15,Other Unintentional/Careless,07,Unknown
IL_OA184_05062024_250_0,IL,OA184,2024-05-06,250,0,32,09,Other Heat,05,Flame/Heat
NM_01007_08272024_0081879_0,NM,01007,2024-08-27,0081879,0,37,13,Unknown,07,Unknown
CA_50075_03232024_0410679_0,CA,50075,2024-03-23,0410679,0,26,06,Electrical Malfunction,04,Electrical
AZ_15073_03062024_0003339_0,AZ,15073,2024-03-06,0003339,0,37,13,Unknown,07,Unknown
NY_60013_05222024_2401565_0,NY,60013,2024-05-22,2401565,0,12,05,Cooking,03,Equipment
AZ_08203_07042024_4287276_0,AZ,08203,2024-07-04,4287276,0,36,02,Playing with Heat Source,01,Firesetting
IL_CS931_04302024_0304223_0,IL,CS931,2024-04-30,0304223,0,34,13,Unknown,07,Unknown
PA_02278_06232024_715_0,PA,02278,2024-06-23,715,0,34,13,Unknown,07,Unknown
TX_WB524_09172024_0006471_0,TX,WB524,2024-09-17,0006471,0,24,15,Other Unintentional/Careless,07,Unknown
KY_07025_06122024_0000140_0,KY,07025,2024-06-12,0000140,0,6,11,Natural,02,Natural
PA_14005_04242024_0440_0,PA,14005,2024-04-24,0440,0,27,08,Open Flame,05,Flame/Heat
NY_24001_06192024_0726678_0,NY,24001,2024-06-19,0726678,0,12,05,Cooking,03,Equipment
CA_41556_04162024_242659_0,CA,41556,2024-04-16,242659,0,39,13,Unknown,07,Unknown
NC_02603_03132024_08532_2,NC,02603,2024-03-13,08532,2,3,12,Exposure,06,Exposure
AZ_11223_10032024_0079783_0,AZ,11223,2024-10-03,0079783,0,6,11,Natural,02,Natural
TX_KA417_05102024_0001000_0,TX,KA417,2024-05-10,0001000,0,34,13,Unknown,07,Unknown
MA_17049_08012024_0001493_0,MA,17049,2024-08-01,0001493,0,12,05,Cooking,03,Equipment
MI_02507_06122024_0013075_0,MI,02507,2024-06-12,0013075,0,24,15,Other Unintentional/Careless,07,Unknown
MI_07602_03202024_0000039_0,MI,07602,2024-03-20,0000039,0,24,15,Other Unintentional/Careless,07,Unknown
OH_59301_10092024_24306_0,OH,59301,2024-10-09,24306,0,32,09,Other Heat,05,Flame/Heat
CO_00520_08282024_0034852_0,CO,00520,2024-08-28,0034852,0,39,13,Unknown,07,Unknown
LA_58101_12272024_1240461_0,LA,58101,2024-12-27,1240461,0,34,13,Unknown,07,Unknown
AL_00102_09052024_0031419_0,AL,00102,2024-09-05,0031419,0,34,13,Unknown,07,Unknown
AR_43001_12092024_0002884_0,AR,43001,2024-12-09,0002884,0,12,05,Cooking,03,Equipment
MD_24000_07112024_2451431_0,MD,24000,2024-07-11,2451431,0,12,05,Cooking,03,Equipment
OH_13203_07042024_0000996_0,OH,13203,2024-07-04,0000996,0,7,09,Other Heat,05,Flame/Heat
PA_56616_01312024_0000037_0,PA,56616,2024-01-31,0000037,0,6,11,Natural,02,Natural
NJ_02450_03302024_2400136_0,NJ,02450,2024-03-30,2400136,0,12,05,Cooking,03,Equipment
CO_01601_05102024_0044313_0,CO,01601,2024-05-10,0044313,0,12,05,Cooking,03,Equipment
TN_79783_11012024_595692_0,TN,79783,2024-11-01,595692,0,37,13,Unknown,07,Unknown
MA_21243_01072024_2400187_0,MA,21243,2024-01-07,2400187,0,12,05,Cooking,03,Equipment
LA_32040_12102024_0003071_0,LA,32040,2024-12-10,0003071,0,34,13,Unknown,07,Unknown
AZ_08203_02102024_062852_0,AZ,08203,2024-02-10,062852,0,4,01,Intentional,01,Firesetting
DC_11001_01242024_0013249_0,DC,11001,2024-01-24,0013249,0,12,05,Cooking,03,Equipment
OK_68008_07192024_2400617_0,OK,68008,2024-07-19,2400617,0,14,06,Electrical Malfunction,04,Electrical
OH_12105_01272024_0000016_0,OH,12105,2024-01-27,0000016,0,20,10,Other Equipment,03,Equipment
TX_KA926_06082024_6081099_0,TX,KA926,2024-06-08,6081099,0,12,05,Cooking,03,Equipment
FL_36111_10152024_0000889_0,FL,36111,2024-10-15,0000889,0,34,13,Unknown,07,Unknown
CA_38005_08072024_0089294_0,CA,38005,2024-08-07,0089294,0,12,05,Cooking,03,Equipment
WI_53010_03012024_24768_0,WI,53010,2024-03-01,24768,0,12,05,Cooking,03,Equipment
WV_54205_11152024_2402877_0,WV,54205,2024-11-15,2402877,0,36,02,Playing with Heat Source,01,Firesetting
NJ_09006_09172024_2413744_0,NJ,09006,2024-09-17,2413744,0,12,05,Cooking,03,Equipment
SC_43501_04052024_2400663_0,SC,43501,2024-04-05,2400663,0,39,13,Unknown,07,Unknown
NJ_12016_09252024_0001722_0,NJ,12016,2024-09-25,0001722,0,12,05,Cooking,03,Equipment
ID_01100_08012024_0024451_0,ID,01100,2024-08-01,0024451,0,37,13,Unknown,07,Unknown
LA_17040_08012024_0007493_0,LA,17040,2024-08-01,0007493,0,12,05,Cooking,03,Equipment
TN_19532_02292024_2425261_0,TN,19532,2024-02-29,2425261,0,39,13,Unknown,07,Unknown
IL_CS271_06232024_0004558_0,IL,CS271,2024-06-23,0004558,0,12,05,Cooking,03,Equipment
VA_67000_03072024_0241046_0,VA,67000,2024-03-07,0241046,0,34,13,Unknown,07,Unknown
CA_27060_07312024_0005637_0,CA,27060,2024-07-31,0005637,0,31,08,Open Flame,05,Flame/Heat
OK_77006_01202024_0000096_0,OK,77006,2024-01-20,0000096,0,11,04,Heating,03,Equipment
CA_41100_12012024_2410355_0,CA,41100,2024-12-01,2410355,0,12,05,Cooking,03,Equipment
WI_58040_04192024_0041924_0,WI,58040,2024-04-19,0041924,0,34,13,Unknown,07,Unknown
FL_25042_03282024_0002445_0,FL,25042,2024-03-28,0002445,0,11,04,Heating,03,Equipment
NE_02006_10062024_0026936_0,NE,02006,2024-10-06,0026936,0,32,09,Other Heat,05,Flame/Heat
GA_03101_12202024_2454850_0,GA,03101,2024-12-20,2454850,0,24,15,Other Unintentional/Careless,07,Unknown
TX_AW824_10172024_1011268_0,TX,AW824,2024-10-17,1011268,0,37,13,Unknown,07,Unknown
VA_76000_06292024_0020296_0,VA,76000,2024-06-29,0020296,0,24,15,Other Unintentional/Careless,07,Unknown
MT_03001_08252024_0012143_0,MT,03001,2024-08-25,0012143,0,12,05,Cooking,03,Equipment
WA_17M15_08142024_0111578_0,WA,17M15,2024-08-14,0111578,0,12,05,Cooking,03,Equipment
IL_LA401_08312024_0008639_0,IL,LA401,2024-08-31,0008639,0,12,05,Cooking,03,Equipment
IL_CS931_06242024_0459988_0,IL,CS931,2024-06-24,0459988,0,34,13,Unknown,07,Unknown
NY_30053_12082024_0003720_0,NY,30053,2024-12-08,0003720,0,12,05,Cooking,03,Equipment
MI_08207_12142024_0067636_0,MI,08207,2024-12-14,0067636,0,34,13,Unknown,07,Unknown
FL_04061_08092024_4130231_0,FL,04061,2024-08-09,4130231,0,34,13,Unknown,07,Unknown
MN_13107_11032024_25061_0,MN,13107,2024-11-03,25061,0,11,04,Heating,03,Equipment
CA_38005_08192024_0094380_0,CA,38005,2024-08-19,0094380,0,4,01,Intentional,01,Firesetting
CA_36193_07172024_4176517_0,CA,36193,2024-07-17,4176517,0,37,13,Unknown,07,Unknown
TX_AW824_05272024_0518361_0,TX,AW824,2024-05-27,0518361,0,24,15,Other Unintentional/Careless,07,Unknown
IL_KA343_01152024_0000066_0,IL,KA343,2024-01-15,0000066,0,31,08,Open Flame,05,Flame/Heat
UT_35005_06282024_244530_0,UT,35005,2024-06-28,244530,0,34,13,Unknown,07,Unknown
LA_49045_11202024_2400353_0,LA,49045,2024-11-20,2400353,0,34,13,Unknown,07,Unknown
CO_06945_11092024_09868_0,CO,06945,2024-11-09,09868,0,34,13,Unknown,07,Unknown
AR_35600_12302024_5569_0,AR,35600,2024-12-30,5569,0,15,07,Appliances,03,Equipment
IL_MJ142_05012024_0000864_0,IL,MJ142,2024-05-01,0000864,0,12,05,Cooking,03,Equipment
MS_41012_08122024_24342_0,MS,41012,2024-08-12,24342,0,29,09,Other Heat,05,Flame/Heat
KY_29134_01172024_0000006_0,KY,29134,2024-01-17,0000006,0,24,15,Other Unintentional/Careless,07,Unknown
CA_01065_10042024_2413082_0,CA,01065,2024-10-04,2413082,0,12,05,Cooking,03,Equipment
OK_55010_10152024_4006469_0,OK,55010,2024-10-15,4006469,0,21,15,Other Unintentional/Careless,07,Unknown
CO_01601_09112024_0088243_0,CO,01601,2024-09-11,0088243,0,12,05,Cooking,03,Equipment
GA_06001_08082024_4050674_0,GA,06001,2024-08-08,4050674,0,23,14,Equipment Misoperation/Failure,03,Equipment
MA_13061_10142024_3928_0,MA,13061,2024-10-14,3928,0,12,05,Cooking,03,Equipment
TX_CS616_12052024_2410936_0,TX,CS616,2024-12-05,2410936,0,12,05,Cooking,03,Equipment
OH_06007_06152024_24037_0,OH,06007,2024-06-15,24037,0,31,08,Open Flame,05,Flame/Heat
CO_04169_03252024_0000112_0,CO,04169,2024-03-25,0000112,0,11,04,Heating,03,Equipment
NV_03002_08112024_4340999_0,NV,03002,2024-08-11,4340999,0,37,13,Unknown,07,Unknown
ID_01100_01182024_0002137_0,ID,01100,2024-01-18,0002137,0,11,04,Heating,03,Equipment
PA_49160_10012024_45_0,PA,49160,2024-10-01,45,0,34,13,Unknown,07,Unknown
TN_79553_06232024_709185_0,TN,79553,2024-06-23,709185,0,37,13,Unknown,07,Unknown
CA_04035_12142024_0023618_0,CA,04035,2024-12-14,0023618,0,26,06,Electrical Malfunction,04,Electrical
MI_05502_01142024_0002404_0,MI,05502,2024-01-14,0002404,0,11,04,Heating,03,Equipment
SC_04205_06102024_3020_0,SC,04205,2024-06-10,3020,0,34,13,Unknown,07,Unknown
IL_DD162_02262024_240974_0,IL,DD162,2024-02-26,240974,0,24,15,Other Unintentional/Careless,07,Unknown
CA_01008_05132024_2417492_0,CA,01008,2024-05-13,2417492,0,12,05,Cooking,03,Equipment
AZ_08253_05032024_4189758_0,AZ,08253,2024-05-03,4189758,0,39,13,Unknown,07,Unknown
TX_WB901_11112024_3160114_0,TX,WB901,2024-11-11,3160114,0,37,13,Unknown,07,Unknown
TN_27713_07012024_17695_0,TN,27713,2024-07-01,17695,0,37,13,Unknown,07,Unknown
KY_56290_08302024_0031084_1,KY,56290,2024-08-30,0031084,1,3,12,Exposure,06,Exposure
NJ_02110_02222024_83_0,NJ,02110,2024-02-22,83,0,37,13,Unknown,07,Unknown
AR_73312_11072024_2024034_0,AR,73312,2024-11-07,2024034,0,12,05,Cooking,03,Equipment
TN_90252_09232024_2407612_1,TN,90252,2024-09-23,2407612,1,3,12,Exposure,06,Exposure
MI_07312_12262024_0006293_0,MI,07312,2024-12-26,0006293,0,12,05,Cooking,03,Equipment
AL_05806_02162024_2400504_0,AL,05806,2024-02-16,2400504,0,12,05,Cooking,03,Equipment
ND_18141_05052024_2199_0,ND,18141,2024-05-05,2199,0,34,13,Unknown,07,Unknown
OR_00291_06242024_2220431_0,OR,00291,2024-06-24,2220431,0,34,13,Unknown,07,Unknown
NH_71230_12212024_1336_0,NH,71230,2024-12-21,1336,0,34,13,Unknown,07,Unknown
MO_04808_01242024_0001972_0,MO,04808,2024-01-24,0001972,0,12,05,Cooking,03,Equipment
MO_01102_08022024_0009369_0,MO,01102,2024-08-02,0009369,0,34,13,Unknown,07,Unknown
NY_24001_04302024_0506020_0,NY,24001,2024-04-30,0506020,0,12,05,Cooking,03,Equipment
OH_25009_03042024_0030197_0,OH,25009,2024-03-04,0030197,0,12,05,Cooking,03,Equipment
KS_DG101_10022024_0013486_0,KS,DG101,2024-10-02,0013486,0,6,11,Natural,02,Natural
VA_80000_12062024_2418739_0,VA,80000,2024-12-06,2418739,0,12,05,Cooking,03,Equipment
ID_19101_06282024_0007691_0,ID,19101,2024-06-28,0007691,0,32,09,Other Heat,05,Flame/Heat
WA_17D10_08252024_0013803_0,WA,17D10,2024-08-25,0013803,0,12,05,Cooking,03,Equipment
WA_39M11_10242024_246729_0,WA,39M11,2024-10-24,246729,0,37,13,Unknown,07,Unknown
OH_70009_08132024_0007247_0,OH,70009,2024-08-13,0007247,0,37,13,Unknown,07,Unknown
NY_30025_05292024_739_0,NY,30025,2024-05-29,739,0,12,05,Cooking,03,Equipment
CA_34080_09022024_4073371_0,CA,34080,2024-09-02,4073371,0,37,13,Unknown,07,Unknown
NE_07006_06022024_24199_0,NE,07006,2024-06-02,24199,0,6,11,Natural,02,Natural
IL_MK141_06182024_0006512_0,IL,MK141,2024-06-18,0006512,0,23,14,Equipment Misoperation/Failure,03,Equipment
IL_CS931_03092024_0173374_0,IL,CS931,2024-03-09,0173374,0,12,05,Cooking,03,Equipment
TX_AW824_03042024_0302557_0,TX,AW824,2024-03-04,0302557,0,12,05,Cooking,03,Equipment
HI_53000_05132024_2402797_0,HI,53000,2024-05-13,2402797,0,26,06,Electrical Malfunction,04,Electrical
PA_23017_11012024_711_0,PA,23017,2024-11-01,711,0,12,05,Cooking,03,Equipment
MA_17049_11302024_0007304_0,MA,17049,2024-11-30,0007304,0,12,05,Cooking,03,Equipment
TN_06312_12242024_0003232_0,TN,06312,2024-12-24,0003232,0,24,15,Other Unintentional/Careless,07,Unknown
OK_58004_03082024_0000577_0,OK,58004,2024-03-08,0000577,0,32,09,Other Heat,05,Flame/Heat
IN_27009_12272024_25033_0,IN,27009,2024-12-27,25033,0,12,05,Cooking,03,Equipment
IL_CS931_11172024_0869163_0,IL,CS931,2024-11-17,0869163,0,37,13,Unknown,07,Unknown
AR_04007_05262024_24547_0,AR,04007,2024-05-26,24547,0,6,11,Natural,02,Natural
CA_15010_02042024_2405362_0,CA,15010,2024-02-04,2405362,0,22,14,Equipment Misoperation/Failure,03,Equipment
NC_04701_01022024_2_0,NC,04701,2024-01-02,2,0,13,07,Appliances,03,Equipment
OR_00064_02242024_24088_0,OR,00064,2024-02-24,24088,0,11,04,Heating,03,Equipment
UT_05002_02062024_24227_0,UT,05002,2024-02-06,24227,0,26,06,Electrical Malfunction,04,Electrical
AZ_12042_11112024_0003056_0,AZ,12042,2024-11-11,0003056,0,4,01,Intentional,01,Firesetting
CA_01008_09302024_2436089_0,CA,01008,2024-09-30,2436089,0,34,13,Unknown,07,Unknown
OK_72009_03202024_0017403_0,OK,72009,2024-03-20,0017403,0,37,13,Unknown,07,Unknown
OH_18107_07282024_2418315_0,OH,18107,2024-07-28,2418315,0,37,13,Unknown,07,Unknown
NM_01007_04112024_0036772_0,NM,01007,2024-04-11,0036772,0,37,13,Unknown,07,Unknown
IL_CS931_07132024_0517106_0,IL,CS931,2024-07-13,0517106,0,37,13,Unknown,07,Unknown
IN_82001_11062024_0010209_0,IN,82001,2024-11-06,0010209,0,12,05,Cooking,03,Equipment
NJ_02700_05172024_2024210_0,NJ,02700,2024-05-17,2024210,0,12,05,Cooking,03,Equipment
LA_17040_02202024_0001754_0,LA,17040,2024-02-20,0001754,0,15,07,Appliances,03,Equipment
FL_27051_01032024_0000163_0,FL,27051,2024-01-03,0000163,0,30,09,Other Heat,05,Flame/Heat
GA_05601_01242024_24853_0,GA,05601,2024-01-24,24853,0,12,05,Cooking,03,Equipment
MS_46008_01212024_24040_0,MS,46008,2024-01-21,24040,0,4,01,Intentional,01,Firesetting
SC_32501_08102024_0013212_0,SC,32501,2024-08-10,0013212,0,12,05,Cooking,03,Equipment
TN_75443_08212024_2452774_0,TN,75443,2024-08-21,2452774,0,4,01,Intentional,01,Firesetting
OH_30113_03222024_42_0,OH,30113,2024-03-22,42,0,4,01,Intentional,01,Firesetting
OH_48017_12272024_0062307_0,OH,48017,2024-12-27,0062307,0,12,05,Cooking,03,Equipment
MA_25035_05202024_0033790_0,MA,25035,2024-05-20,0033790,0,12,05,Cooking,03,Equipment
OH_66007_03022024_0000020_0,OH,66007,2024-03-02,0000020,0,37,13,Unknown,07,Unknown
CA_31085_08192024_2412827_0,CA,31085,2024-08-19,2412827,0,14,06,Electrical Malfunction,04,Electrical
MD_16040_11172024_0163704_0,MD,16040,2024-11-17,0163704,0,37,13,Unknown,07,Unknown
WV_02102_08102024_0000626_0,WV,02102,2024-08-10,0000626,0,12,05,Cooking,03,Equipment
CO_12339_02242024_0000162_0,CO,12339,2024-02-24,0000162,0,32,09,Other Heat,05,Flame/Heat
CA_50040_12262024_0448083_0,CA,50040,2024-12-26,0448083,0,34,13,Unknown,07,Unknown
CA_34080_12292024_4107735_0,CA,34080,2024-12-29,4107735,0,32,09,Other Heat,05,Flame/Heat
PA_36064_04142024_778_0,PA,36064,2024-04-14,778,0,6,11,Natural,02,Natural
TN_79553_10012024_754191_0,TN,79553,2024-10-01,754191,0,15,07,Appliances,03,Equipment
ND_18141_11192024_5875_0,ND,18141,2024-11-19,5875,0,16,10,Other Equipment,03,Equipment
TN_59821_08252024_0027715_0,TN,59821,2024-08-25,0027715,0,12,05,Cooking,03,Equipment
NH_52280_08052024_0006012_0,NH,52280,2024-08-05,0006012,0,12,05,Cooking,03,Equipment
OR_00321_06162024_24268_0,OR,00321,2024-06-16,24268,0,12,05,Cooking,03,Equipment
CA_19105_10222024_0254_0,CA,19105,2024-10-22,0254,0,12,05,Cooking,03,Equipment
MA_25035_08302024_0062926_0,MA,25035,2024-08-30,0062926,0,12,05,Cooking,03,Equipment
DE_10100_12152024_0026858_0,DE,10100,2024-12-15,0026858,0,12,05,Cooking,03,Equipment
SC_23111_02202024_242023_0,SC,23111,2024-02-20,242023,0,12,05,Cooking,03,Equipment
AZ_08203_09022024_4381306_0,AZ,08203,2024-09-02,4381306,0,34,13,Unknown,07,Unknown
IL_DD132_12192024_4100887_0,IL,DD132,2024-12-19,4100887,0,11,04,Heating,03,Equipment
MA_27097_02092024_600_0,MA,27097,2024-02-09,600,0,12,05,Cooking,03,Equipment
MS_25007_10052024_2412058_0,MS,25007,2024-10-05,2412058,0,37,13,Unknown,07,Unknown
KS_WY101_10122024_0028267_0,KS,WY101,2024-10-12,0028267,0,34,13,Unknown,07,Unknown
NJ_09005_09122024_0002953_0,NJ,09005,2024-09-12,0002953,0,12,05,Cooking,03,Equipment
CA_19110_10072024_4354564_0,CA,19110,2024-10-07,4354564,0,4,01,Intentional,01,Firesetting
NY_30043_09062024_848_0,NY,30043,2024-09-06,848,0,12,05,Cooking,03,Equipment
MN_27218_02142024_0007158_0,MN,27218,2024-02-14,0007158,0,12,05,Cooking,03,Equipment
NY_52090_01182024_54_0,NY,52090,2024-01-18,54,0,24,15,Other Unintentional/Careless,07,Unknown
NC_01654_06122024_0595_0,NC,01654,2024-06-12,0595,0,14,06,Electrical Malfunction,04,Electrical
AZ_08203_05042024_191053_0,AZ,08203,2024-05-04,191053,0,34,13,Unknown,07,Unknown
AL_00201_03222024_2409035_0,AL,00201,2024-03-22,2409035,0,39,13,Unknown,07,Unknown
AK_25300_02202024_42_0,AK,25300,2024-02-20,42,0,14,06,Electrical Malfunction,04,Electrical
TN_04111_10292024_2400127_0,TN,04111,2024-10-29,2400127,0,37,13,Unknown,07,Unknown
OH_20001_06092024_0001460_0,OH,20001,2024-06-09,0001460,0,14,06,Electrical Malfunction,04,Electrical
OH_48017_09302024_0047731_0,OH,48017,2024-09-30,0047731,0,15,07,Appliances,03,Equipment
IL_KB211_12042024_0007264_0,IL,KB211,2024-12-04,0007264,0,11,04,Heating,03,Equipment
LA_36001_07262024_0035435_0,LA,36001,2024-07-26,0035435,0,32,09,Other Heat,05,Flame/Heat
MA_27153_09092024_0246589_0,MA,27153,2024-09-09,0246589,0,12,05,Cooking,03,Equipment
NC_06002_05122024_0042316_0,NC,06002,2024-05-12,0042316,0,37,13,Unknown,07,Unknown
FL_26032_03052024_0007053_0,FL,26032,2024-03-05,0007053,0,16,10,Other Equipment,03,Equipment
AL_05501_07032024_2402204_0,AL,05501,2024-07-03,2402204,0,37,13,Unknown,07,Unknown
MO_05014_12182024_2403115_0,MO,05014,2024-12-18,2403115,0,37,13,Unknown,07,Unknown
MS_45007_08212024_242644_0,MS,45007,2024-08-21,242644,0,12,05,Cooking,03,Equipment
MD_25001_12062024_178754_0,MD,25001,2024-12-06,178754,0,16,10,Other Equipment,03,Equipment
NJ_02120_05212024_0000194_0,NJ,02120,2024-05-21,0000194,0,12,05,Cooking,03,Equipment
SC_16213_02082024_2401241_0,SC,16213,2024-02-08,2401241,0,34,13,Unknown,07,Unknown
TX_BV701_07052024_16704_0,TX,BV701,2024-07-05,16704,0,11,04,Heating,03,Equipment
CA_07090_12222024_4158939_0,CA,07090,2024-12-22,4158939,0,39,13,Unknown,07,Unknown
NJ_12019_03042024_0000134_0,NJ,12019,2024-03-04,0000134,0,12,05,Cooking,03,Equipment
CA_10005_01272024_4007134_0,CA,10005,2024-01-27,4007134,0,12,05,Cooking,03,Equipment
TX_KA926_04012024_4010555_0,TX,KA926,2024-04-01,4010555,0,12,05,Cooking,03,Equipment
CA_19105_10052024_1468_0,CA,19105,2024-10-05,1468,0,37,13,Unknown,07,Unknown
NM_01007_07072024_0065187_0,NM,01007,2024-07-07,0065187,0,39,13,Unknown,07,Unknown
SC_32501_01032024_0000140_0,SC,32501,2024-01-03,0000140,0,11,04,Heating,03,Equipment
CO_04160_07112024_0000551_0,CO,04160,2024-07-11,0000551,0,12,05,Cooking,03,Equipment
NH_52280_04252024_0003098_0,NH,52280,2024-04-25,0003098,0,12,05,Cooking,03,Equipment
MN_03103_03182024_24074_0,MN,03103,2024-03-18,24074,0,9,03,Smoking,05,Flame/Heat
MO_01005_05112024_2405969_0,MO,01005,2024-05-11,2405969,0,39,13,Unknown,07,Unknown
NJ_16020_08142024_2408277_0,NJ,16020,2024-08-14,2408277,0,34,13,Unknown,07,Unknown
NE_10003_09222024_2024059_0,NE,10003,2024-09-22,2024059,0,26,06,Electrical Malfunction,04,Electrical
KY_56290_08282024_0030817_0,KY,56290,2024-08-28,0030817,0,34,13,Unknown,07,Unknown
IA_09008_06162024_0000056_0,IA,09008,2024-06-16,0000056,0,11,04,Heating,03,Equipment
TX_KA926_06172024_6170898_0,TX,KA926,2024-06-17,6170898,0,37,13,Unknown,07,Unknown
CA_34035_11232024_4222267_0,CA,34035,2024-11-23,4222267,0,4,01,Intentional,01,Firesetting
NY_24001_04172024_0453950_0,NY,24001,2024-04-17,0453950,0,12,05,Cooking,03,Equipment
AL_00230_03202024_598_0,AL,00230,2024-03-20,598,0,24,15,Other Unintentional/Careless,07,Unknown
MA_27097_10162024_4799_0,MA,27097,2024-10-16,4799,0,12,05,Cooking,03,Equipment
MI_03504_08162024_2024100_0,MI,03504,2024-08-16,2024100,0,34,13,Unknown,07,Unknown
MD_16029_04042024_0046059_0,MD,16029,2024-04-04,0046059,0,12,05,Cooking,03,Equipment
NY_24001_05072024_0535879_0,NY,24001,2024-05-07,0535879,0,12,05,Cooking,03,Equipment
CA_54035_06232024_2944_0,CA,54035,2024-06-23,2944,0,37,13,Unknown,07,Unknown
MA_25035_02042024_0008594_0,MA,25035,2024-02-04,0008594,0,32,09,Other Heat,05,Flame/Heat
NM_01013_09232024_0018165_0,NM,01013,2024-09-23,0018165,0,37,13,Unknown,07,Unknown
CA_19105_10232024_1722_0,CA,19105,2024-10-23,1722,0,37,13,Unknown,07,Unknown
FL_04022_11062024_4194466_0,FL,04022,2024-11-06,4194466,0,24,15,Other Unintentional/Careless,07,Unknown
MS_25007_05052024_245565_0,MS,25007,2024-05-05,245565,0,37,13,Unknown,07,Unknown
WV_51101_03072024_2400939_0,WV,51101,2024-03-07,2400939,0,11,04,Heating,03,Equipment
MS_34022_07292024_25061_0,MS,34022,2024-07-29,25061,0,37,13,Unknown,07,Unknown
OH_48017_10042024_0048345_0,OH,48017,2024-10-04,0048345,0,25,10,Other Equipment,03,Equipment
KY_56290_03242024_0010287_0,KY,56290,2024-03-24,0010287,0,12,05,Cooking,03,Equipment
OH_07240_05132024_4000520_0,OH,07240,2024-05-13,4000520,0,12,05,Cooking,03,Equipment
TN_82351_04072024_40_0,TN,82351,2024-04-07,40,0,24,15,Other Unintentional/Careless,07,Unknown
NM_25013_10172024_241703_0,NM,25013,2024-10-17,241703,0,16,10,Other Equipment,03,Equipment
MI_03304_05032024_0008921_0,MI,03304,2024-05-03,0008921,0,37,13,Unknown,07,Unknown
MI_08241_04102024_0001416_0,MI,08241,2024-04-10,0001416,0,34,13,Unknown,07,Unknown
IL_CS682_03052024_0000684_0,IL,CS682,2024-03-05,0000684,0,14,06,Electrical Malfunction,04,Electrical
PA_25420_02122024_4500228_0,PA,25420,2024-02-12,4500228,0,11,04,Heating,03,Equipment
PA_49130_02262024_9_0,PA,49130,2024-02-26,9,0,24,15,Other Unintentional/Careless,07,Unknown
ID_17337_06282024_2024248_0,ID,17337,2024-06-28,2024248,0,26,06,Electrical Malfunction,04,Electrical
PA_39060_07122024_7608_0,PA,39060,2024-07-12,7608,0,37,13,Unknown,07,Unknown
NM_59019_01152024_2400335_0,NM,59019,2024-01-15,2400335,0,34,13,Unknown,07,Unknown
SC_08305_09302024_015987_0,SC,08305,2024-09-30,015987,0,14,06,Electrical Malfunction,04,Electrical
NC_05701_03292024_120_0,NC,05701,2024-03-29,120,0,26,06,Electrical Malfunction,04,Electrical
SD_01101_01012024_2400027_0,SD,01101,2024-01-01,2400027,0,12,05,Cooking,03,Equipment
GA_06701_11292024_105450_0,GA,06701,2024-11-29,105450,0,12,05,Cooking,03,Equipment
FL_10172_12282024_0028915_0,FL,10172,2024-12-28,0028915,0,37,13,Unknown,07,Unknown
OH_64003_02092024_038_0,OH,64003,2024-02-09,038,0,34,13,Unknown,07,Unknown
WI_17030_10152024_240678_0,WI,17030,2024-10-15,240678,0,12,05,Cooking,03,Equipment
CA_30065_02062024_0018684_0,CA,30065,2024-02-06,0018684,0,34,13,Unknown,07,Unknown
LA_04020_02272024_70_0,LA,04020,2024-02-27,70,0,12,05,Cooking,03,Equipment
PA_46994_08132024_1009_0,PA,46994,2024-08-13,1009,0,12,05,Cooking,03,Equipment
IL_CS931_06152024_0434869_0,IL,CS931,2024-06-15,0434869,0,24,15,Other Unintentional/Careless,07,Unknown
AR_02009_10262024_1000006_0,AR,02009,2024-10-26,1000006,0,34,13,Unknown,07,Unknown
TX_WB901_07252024_2070257_0,TX,WB901,2024-07-25,2070257,0,39,13,Unknown,07,Unknown
NM_01007_06152024_0058036_0,NM,01007,2024-06-15,0058036,0,37,13,Unknown,07,Unknown
CA_17005_02282024_004008_0,CA,17005,2024-02-28,004008,0,4,01,Intentional,01,Firesetting
TN_83851_09292024_1000491_0,TN,83851,2024-09-29,1000491,0,12,05,Cooking,03,Equipment
WA_31M04_05232024_0010089_0,WA,31M04,2024-05-23,0010089,0,12,05,Cooking,03,Equipment
CA_01040_08192024_2411989_0,CA,01040,2024-08-19,2411989,0,37,13,Unknown,07,Unknown
SC_21101_04142024_0001198_0,SC,21101,2024-04-14,0001198,0,12,05,Cooking,03,Equipment
LA_64005_02202024_0000093_0,LA,64005,2024-02-20,0000093,0,34,13,Unknown,07,Unknown
CA_33090_10092024_0155909_0,CA,33090,2024-10-09,0155909,0,4,01,Intentional,01,Firesetting
OH_48017_03102024_0011531_0,OH,48017,2024-03-10,0011531,0,12,05,Cooking,03,Equipment
OR_00387_04142024_24024_0,OR,00387,2024-04-14,24024,0,31,08,Open Flame,05,Flame/Heat
WY_05403_07302024_2401903_0,WY,05403,2024-07-30,2401903,0,22,14,Equipment Misoperation/Failure,03,Equipment
MI_07410_01022024_0000001_0,MI,07410,2024-01-02,0000001,0,37,13,Unknown,07,Unknown
NE_01005_09062024_0049200_0,NE,01005,2024-09-06,0049200,0,22,14,Equipment Misoperation/Failure,03,Equipment
WA_20D07_12222024_2024306_0,WA,20D07,2024-12-22,2024306,0,29,09,Other Heat,05,Flame/Heat
NE_02006_03042024_0006117_0,NE,02006,2024-03-04,0006117,0,23,14,Equipment Misoperation/Failure,03,Equipment
NE_02006_01012024_0000027_0,NE,02006,2024-01-01,0000027,0,39,13,Unknown,07,Unknown
NC_07917_02022024_40_0,NC,07917,2024-02-02,40,0,34,13,Unknown,07,Unknown
SC_08305_07282024_012268_0,SC,08305,2024-07-28,012268,0,34,13,Unknown,07,Unknown
LA_08010_03312024_0003536_0,LA,08010,2024-03-31,0003536,0,12,05,Cooking,03,Equipment
LA_57005_12292024_0000491_0,LA,57005,2024-12-29,0000491,0,34,13,Unknown,07,Unknown
MA_25035_07252024_0052664_0,MA,25035,2024-07-25,0052664,0,12,05,Cooking,03,Equipment
MT_49001_09082024_2414386_0,MT,49001,2024-09-08,2414386,0,37,13,Unknown,07,Unknown
PA_45035_06272024_0104_0,PA,45035,2024-06-27,0104,0,13,07,Appliances,03,Equipment
RI_02800_07192024_0024723_0,RI,02800,2024-07-19,0024723,0,12,05,Cooking,03,Equipment
TN_31131_07032024_0246419_0,TN,31131,2024-07-03,0246419,0,12,05,Cooking,03,Equipment
MI_08224_04092024_24632_2,MI,08224,2024-04-09,24632,2,3,12,Exposure,06,Exposure
AL_03102_04042024_0002411_0,AL,03102,2024-04-04,0002411,0,14,06,Electrical Malfunction,04,Electrical
OK_51006_12182024_0004711_0,OK,51006,2024-12-18,0004711,0,34,13,Unknown,07,Unknown
MA_27080_01302024_58_0,MA,27080,2024-01-30,58,0,11,04,Heating,03,Equipment
MS_50012_06182024_24328_0,MS,50012,2024-06-18,24328,0,11,04,Heating,03,Equipment
GA_03301_06032024_2427723_0,GA,03301,2024-06-03,2427723,0,34,13,Unknown,07,Unknown
GA_07206_02092024_024_0,GA,07206,2024-02-09,024,0,34,13,Unknown,07,Unknown
MS_11001_12072024_2412901_0,MS,11001,2024-12-07,2412901,0,34,13,Unknown,07,Unknown
NY_18016_02242024_2400007_0,NY,18016,2024-02-24,2400007,0,11,04,Heating,03,Equipment
OH_48117_01132024_0000238_0,OH,48117,2024-01-13,0000238,0,27,08,Open Flame,05,Flame/Heat
PA_26043_06162024_439_0,PA,26043,2024-06-16,439,0,6,11,Natural,02,Natural
WV_23101_03102024_2024118_0,WV,23101,2024-03-10,2024118,0,34,13,Unknown,07,Unknown
NJ_02600_10222024_2404845_0,NJ,02600,2024-10-22,2404845,0,11,04,Heating,03,Equipment
OH_43007_09292024_1152_0,OH,43007,2024-09-29,1152,0,14,06,Electrical Malfunction,04,Electrical
IL_VA161_12192024_0004611_0,IL,VA161,2024-12-19,0004611,0,4,01,Intentional,01,Firesetting
FL_01022_04072024_248900_0,FL,01022,2024-04-07,248900,0,24,15,Other Unintentional/Careless,07,Unknown
FL_25042_01072024_0000222_0,FL,25042,2024-01-07,0000222,0,34,13,Unknown,07,Unknown
TX_KA926_11302024_1300045_0,TX,KA926,2024-11-30,1300045,0,21,15,Other Unintentional/Careless,07,Unknown
UT_35005_02172024_241126_0,UT,35005,2024-02-17,241126,0,37,13,Unknown,07,Unknown
ID_01100_11302024_0039229_0,ID,01100,2024-11-30,0039229,0,11,04,Heating,03,Equipment
TX_HA615_02022024_0000901_0,TX,HA615,2024-02-02,0000901,0,37,13,Unknown,07,Unknown
PA_26041_08282024_309_0,PA,26041,2024-08-28,309,0,37,13,Unknown,07,Unknown
KY_34155_06232024_0032976_0,KY,34155,2024-06-23,0032976,0,34,13,Unknown,07,Unknown
MA_25035_04102024_0024067_0,MA,25035,2024-04-10,0024067,0,12,05,Cooking,03,Equipment
SC_07301_07192024_0003004_0,SC,07301,2024-07-19,0003004,0,12,05,Cooking,03,Equipment
IL_CS931_11242024_0887974_0,IL,CS931,2024-11-24,0887974,0,37,13,Unknown,07,Unknown
KS_SG111_03012024_0010322_0,KS,SG111,2024-03-01,0010322,0,12,05,Cooking,03,Equipment
OH_01013_03212024_0000105_0,OH,01013,2024-03-21,0000105,0,14,06,Electrical Malfunction,04,Electrical
NY_24001_12242024_1562753_0,NY,24001,2024-12-24,1562753,0,12,05,Cooking,03,Equipment
TN_72141_06082024_0000384_0,TN,72141,2024-06-08,0000384,0,37,13,Unknown,07,Unknown
WV_14101_12152024_2420505_0,WV,14101,2024-12-15,2420505,0,21,15,Other Unintentional/Careless,07,Unknown
NV_03050_11152024_4481327_0,NV,03050,2024-11-15,4481327,0,12,05,Cooking,03,Equipment
MI_04701_09022024_0002274_0,MI,04701,2024-09-02,0002274,0,12,05,Cooking,03,Equipment
CA_08010_06112024_858_0,CA,08010,2024-06-11,858,0,26,06,Electrical Malfunction,04,Electrical
CA_33105_12232024_0197992_0,CA,33105,2024-12-23,0197992,0,23,14,Equipment Misoperation/Failure,03,Equipment
FL_10162_06272024_4008222_0,FL,10162,2024-06-27,4008222,0,12,05,Cooking,03,Equipment
NJ_17052_06112024_238_0,NJ,17052,2024-06-11,238,0,20,10,Other Equipment,03,Equipment
WA_08D02_10192024_2404541_0,WA,08D02,2024-10-19,2404541,0,34,13,Unknown,07,Unknown
IL_CS931_08102024_0596338_0,IL,CS931,2024-08-10,0596338,0,34,13,Unknown,07,Unknown
TX_WB901_05242024_1450398_0,TX,WB901,2024-05-24,1450398,0,6,11,Natural,02,Natural
MA_17347_01292024_589_0,MA,17347,2024-01-29,589,0,12,05,Cooking,03,Equipment
IL_CS931_10032024_0749422_0,IL,CS931,2024-10-03,0749422,0,12,05,Cooking,03,Equipment
IL_CS142_01052024_2800051_0,IL,CS142,2024-01-05,2800051,0,37,13,Unknown,07,Unknown
KY_56290_02252024_0006833_0,KY,56290,2024-02-25,0006833,0,12,05,Cooking,03,Equipment
GA_04405_01202024_0034170_0,GA,04405,2024-01-20,0034170,0,24,15,Other Unintentional/Careless,07,Unknown
AZ_11223_05012024_0034329_0,AZ,11223,2024-05-01,0034329,0,34,13,Unknown,07,Unknown
KY_56290_04242024_0014069_0,KY,56290,2024-04-24,0014069,0,37,13,Unknown,07,Unknown
AR_04303_10302024_2402818_0,AR,04303,2024-10-30,2402818,0,23,14,Equipment Misoperation/Failure,03,Equipment
NJ_04110_11252024_4250885_0,NJ,04110,2024-11-25,4250885,0,37,13,Unknown,07,Unknown
MA_13281_07182024_4011568_0,MA,13281,2024-07-18,4011568,0,12,05,Cooking,03,Equipment
PA_36013_03232024_41_0,PA,36013,2024-03-23,41,0,32,09,Other Heat,05,Flame/Heat
FL_25042_08132024_0006213_0,FL,25042,2024-08-13,0006213,0,34,13,Unknown,07,Unknown
FL_05102_12142024_0123268_0,FL,05102,2024-12-14,0123268,0,12,05,Cooking,03,Equipment
NH_01305_11262024_241984_0,NH,01305,2024-11-26,241984,0,12,05,Cooking,03,Equipment
CA_19110_09202024_4334077_0,CA,19110,2024-09-20,4334077,0,37,13,Unknown,07,Unknown
NH_72630_07062024_643_0,NH,72630,2024-07-06,643,0,9,03,Smoking,05,Flame/Heat
MI_08205_04032024_0004227_0,MI,08205,2024-04-03,0004227,0,29,09,Other Heat,05,Flame/Heat
OH_31057_11072024_0001342_0,OH,31057,2024-11-07,0001342,0,12,05,Cooking,03,Equipment
DE_20012_09242024_1203374_0,DE,20012,2024-09-24,1203374,0,12,05,Cooking,03,Equipment
AR_60604_01192024_4001916_0,AR,60604,2024-01-19,4001916,0,24,15,Other Unintentional/Careless,07,Unknown
NH_51980_06192024_2401675_0,NH,51980,2024-06-19,2401675,0,14,06,Electrical Malfunction,04,Electrical
DE_20027_05202024_487_0,DE,20027,2024-05-20,487,0,34,13,Unknown,07,Unknown
NY_01001_09052024_130406_0,NY,01001,2024-09-05,130406,0,12,05,Cooking,03,Equipment
SD_01101_07232024_2409148_0,SD,01101,2024-07-23,2409148,0,4,01,Intentional,01,Firesetting
SC_23327_08182024_4002095_0,SC,23327,2024-08-18,4002095,0,25,10,Other Equipment,03,Equipment
CA_49115_08312024_245717_0,CA,49115,2024-08-31,245717,0,12,05,Cooking,03,Equipment
MI_05503_01232024_0000050_0,MI,05503,2024-01-23,0000050,0,12,05,Cooking,03,Equipment
VA_15301_12242024_0073859_0,VA,15301,2024-12-24,0073859,0,11,04,Heating,03,Equipment
CT_08150_08202024_3476_0,CT,08150,2024-08-20,3476,0,34,13,Unknown,07,Unknown
FL_27051_04142024_0007088_0,FL,27051,2024-04-14,0007088,0,34,13,Unknown,07,Unknown
MI_07012_04092024_24243_0,MI,07012,2024-04-09,24243,0,24,15,Other Unintentional/Careless,07,Unknown
IL_CS931_12022024_0905113_0,IL,CS931,2024-12-02,0905113,0,14,06,Electrical Malfunction,04,Electrical
GA_04701_11262024_0004422_0,GA,04701,2024-11-26,0004422,0,34,13,Unknown,07,Unknown
TN_66372_12052024_2207_0,TN,66372,2024-12-05,2207,0,15,07,Appliances,03,Equipment
FL_07252_11292024_0130237_0,FL,07252,2024-11-29,0130237,0,14,06,Electrical Malfunction,04,Electrical
NM_49055_09232024_4006482_0,NM,49055,2024-09-23,4006482,0,12,05,Cooking,03,Equipment
CA_33075_12282024_0046005_1,CA,33075,2024-12-28,0046005,1,3,12,Exposure,06,Exposure
NJ_14350_09072024_0001781_0,NJ,14350,2024-09-07,0001781,0,12,05,Cooking,03,Equipment
TX_KA554_02252024_2401033_0,TX,KA554,2024-02-25,2401033,0,24,15,Other Unintentional/Careless,07,Unknown
LA_36001_11132024_0054718_0,LA,36001,2024-11-13,0054718,0,26,06,Electrical Malfunction,04,Electrical
AR_74000_09182024_2024038_0,AR,74000,2024-09-18,2024038,0,37,13,Unknown,07,Unknown
MD_24000_12062024_2491199_0,MD,24000,2024-12-06,2491199,0,24,15,Other Unintentional/Careless,07,Unknown
MN_27105_09122024_429_0,MN,27105,2024-09-12,429,0,14,06,Electrical Malfunction,04,Electrical
AL_04701_04052024_2406264_0,AL,04701,2024-04-05,2406264,0,24,15,Other Unintentional/Careless,07,Unknown
OR_00372_12242024_0004105_0,OR,00372,2024-12-24,0004105,0,34,13,Unknown,07,Unknown
WV_54205_08312024_2402213_0,WV,54205,2024-08-31,2402213,0,34,13,Unknown,07,Unknown
PA_36064_05242024_1077_0,PA,36064,2024-05-24,1077,0,12,05,Cooking,03,Equipment
IL_CS931_07052024_0492049_0,IL,CS931,2024-07-05,0492049,0,37,13,Unknown,07,Unknown
NC_04110_04172024_0417083_0,NC,04110,2024-04-17,0417083,0,24,15,Other Unintentional/Careless,07,Unknown
NY_34051_02132024_2402986_0,NY,34051,2024-02-13,2402986,0,24,15,Other Unintentional/Careless,07,Unknown
CA_54050_07062024_08218_0,CA,54050,2024-07-06,08218,0,24,15,Other Unintentional/Careless,07,Unknown
ID_55338_07162024_2400550_0,ID,55338,2024-07-16,2400550,0,37,13,Unknown,07,Unknown
FL_17022_11212024_1105230_0,FL,17022,2024-11-21,1105230,0,9,03,Smoking,05,Flame/Heat
CA_19100_09202024_2450069_0,CA,19100,2024-09-20,2450069,0,39,13,Unknown,07,Unknown
MD_25001_02232024_26017_0,MD,25001,2024-02-23,26017,0,26,06,Electrical Malfunction,04,Electrical
IN_46005_09112024_0900151_0,IN,46005,2024-09-11,0900151,0,11,04,Heating,03,Equipment
IN_75003_03232024_76_0,IN,75003,2024-03-23,76,0,24,15,Other Unintentional/Careless,07,Unknown
GA_12701_01142024_24046_0,GA,12701,2024-01-14,24046,0,37,13,Unknown,07,Unknown
IN_53005_04162024_0000652_0,IN,53005,2024-04-16,0000652,0,38,16,Cause Under Investigation,07,Unknown
IL_CS931_01012024_0000281_0,IL,CS931,2024-01-01,0000281,0,34,13,Unknown,07,Unknown
LA_21010_03152024_104_0,LA,21010,2024-03-15,104,0,24,15,Other Unintentional/Careless,07,Unknown
FL_43210_02012024_0296_0,FL,43210,2024-02-01,0296,0,29,09,Other Heat,05,Flame/Heat
KY_11049_03162024_668_0,KY,11049,2024-03-16,668,0,12,05,Cooking,03,Equipment
GA_03301_03222024_2414722_0,GA,03301,2024-03-22,2414722,0,37,13,Unknown,07,Unknown
CA_43080_10092024_2830093_0,CA,43080,2024-10-09,2830093,0,6,11,Natural,02,Natural
NC_04130_06112024_0006575_0,NC,04130,2024-06-11,0006575,0,9,03,Smoking,05,Flame/Heat
AL_00313_05262024_0017738_0,AL,00313,2024-05-26,0017738,0,11,04,Heating,03,Equipment
MA_17274_04012024_0004100_0,MA,17274,2024-04-01,0004100,0,12,05,Cooking,03,Equipment
MN_62210_01212024_241586_0,MN,62210,2024-01-21,241586,0,12,05,Cooking,03,Equipment
CO_00505_01112024_241814_0,CO,00505,2024-01-11,241814,0,37,13,Unknown,07,Unknown
CA_54045_08282024_2411686_0,CA,54045,2024-08-28,2411686,0,12,05,Cooking,03,Equipment
MA_05201_02232024_1865_0,MA,05201,2024-02-23,1865,0,37,13,Unknown,07,Unknown
MI_06115_04272024_2400965_0,MI,06115,2024-04-27,2400965,0,34,13,Unknown,07,Unknown
CA_48070_09052024_0012812_0,CA,48070,2024-09-05,0012812,0,37,13,Unknown,07,Unknown
MA_21050_01062024_0000087_0,MA,21050,2024-01-06,0000087,0,12,05,Cooking,03,Equipment
CA_36193_08142024_4202152_0,CA,36193,2024-08-14,4202152,0,4,01,Intentional,01,Firesetting
IL_CS442_02062024_0000175_0,IL,CS442,2024-02-06,0000175,0,24,15,Other Unintentional/Careless,07,Unknown
OR_00183_03162024_24080_0,OR,00183,2024-03-16,24080,0,30,09,Other Heat,05,Flame/Heat
TN_19532_03142024_2430710_0,TN,19532,2024-03-14,2430710,0,34,13,Unknown,07,Unknown
PA_04047_06012024_2447136_0,PA,04047,2024-06-01,2447136,0,37,13,Unknown,07,Unknown
WV_03102_04042024_2404803_0,WV,03102,2024-04-04,2404803,0,29,09,Other Heat,05,Flame/Heat
TX_GC415_01152024_000147_0,TX,GC415,2024-01-15,000147,0,33,12,Exposure,06,Exposure
MD_21002_12072024_0001060_0,MD,21002,2024-12-07,0001060,0,15,07,Appliances,03,Equipment
CO_01601_06242024_0059845_0,CO,01601,2024-06-24,0059845,0,37,13,Unknown,07,Unknown
NV_16001_08302024_0021597_0,NV,16001,2024-08-30,0021597,0,37,13,Unknown,07,Unknown
PA_40030_06302024_240488_0,PA,40030,2024-06-30,240488,0,12,05,Cooking,03,Equipment
MA_25035_12142024_0091268_0,MA,25035,2024-12-14,0091268,0,12,05,Cooking,03,Equipment
IL_SB233_03292024_214_0,IL,SB233,2024-03-29,214,0,32,09,Other Heat,05,Flame/Heat
CA_37125_06142024_120928_0,CA,37125,2024-06-14,120928,0,21,15,Other Unintentional/Careless,07,Unknown
MO_03610_12212024_0001826_0,MO,03610,2024-12-21,0001826,0,23,14,Equipment Misoperation/Failure,03,Equipment
DE_40077_12042024_2400857_0,DE,40077,2024-12-04,2400857,0,12,05,Cooking,03,Equipment
PA_46956_11282024_0001783_0,PA,46956,2024-11-28,0001783,0,12,05,Cooking,03,Equipment
NJ_12117_06142024_2400254_0,NJ,12117,2024-06-14,2400254,0,12,05,Cooking,03,Equipment
MI_06343_07042024_0004905_0,MI,06343,2024-07-04,0004905,0,15,07,Appliances,03,Equipment
MI_06318_02292024_0000436_0,MI,06318,2024-02-29,0000436,0,24,15,Other Unintentional/Careless,07,Unknown
IL_CS931_07132024_0515300_0,IL,CS931,2024-07-13,0515300,0,12,05,Cooking,03,Equipment
CT_02180_02052024_0000726_0,CT,02180,2024-02-05,0000726,0,15,07,Appliances,03,Equipment
CA_40080_05152024_0007473_0,CA,40080,2024-05-15,0007473,0,12,05,Cooking,03,Equipment
IA_07009_12032024_0013793_0,IA,07009,2024-12-03,0013793,0,34,13,Unknown,07,Unknown
TX_WP510_08312024_0001073_0,TX,WP510,2024-08-31,0001073,0,37,13,Unknown,07,Unknown
TX_NH608_10072024_1443_0,TX,NH608,2024-10-07,1443,0,12,05,Cooking,03,Equipment
GA_02509_04042024_2403351_0,GA,02509,2024-04-04,2403351,0,12,05,Cooking,03,Equipment
GA_06001_02032024_4008135_0,GA,06001,2024-02-03,4008135,0,34,13,Unknown,07,Unknown
NJ_10110_04172024_0000039_0,NJ,10110,2024-04-17,0000039,0,12,05,Cooking,03,Equipment
CA_56010_10242024_0091022_0,CA,56010,2024-10-24,0091022,0,12,05,Cooking,03,Equipment
NJ_07140_07312024_0010654_0,NJ,07140,2024-07-31,0010654,0,37,13,Unknown,07,Unknown
WA_17D39_02032024_0002602_0,WA,17D39,2024-02-03,0002602,0,12,05,Cooking,03,Equipment
WV_26103_06122024_0024208_0,WV,26103,2024-06-12,0024208,0,34,13,Unknown,07,Unknown
GA_12102_09192024_0016529_0,GA,12102,2024-09-19,0016529,0,37,13,Unknown,07,Unknown
MO_03907_09042024_0008430_0,MO,03907,2024-09-04,0008430,0,34,13,Unknown,07,Unknown
CA_43050_03162024_241686_0,CA,43050,2024-03-16,241686,0,12,05,Cooking,03,Equipment
GA_03402_11172024_24459_0,GA,03402,2024-11-17,24459,0,26,06,Electrical Malfunction,04,Electrical
GA_03301_06092024_2428963_0,GA,03301,2024-06-09,2428963,0,16,10,Other Equipment,03,Equipment
MA_17139_06092024_2401113_0,MA,17139,2024-06-09,2401113,0,12,05,Cooking,03,Equipment
MA_17141_12242024_0243404_0,MA,17141,2024-12-24,0243404,0,24,15,Other Unintentional/Careless,07,Unknown
MO_09511_01252024_0000122_0,MO,09511,2024-01-25,0000122,0,12,05,Cooking,03,Equipment
CA_33090_07062024_0101914_0,CA,33090,2024-07-06,0101914,0,12,05,Cooking,03,Equipment
AR_20001_04042024_0100461_0,AR,20001,2024-04-04,0100461,0,24,15,Other Unintentional/Careless,07,Unknown
WV_40108_12212024_0242974_0,WV,40108,2024-12-21,0242974,0,34,13,Unknown,07,Unknown
KY_30136_05302024_0001345_0,KY,30136,2024-05-30,0001345,0,12,05,Cooking,03,Equipment
DC_11001_05302024_0083709_0,DC,11001,2024-05-30,0083709,0,34,13,Unknown,07,Unknown
MT_06001_02252024_676_0,MT,06001,2024-02-25,676,0,29,09,Other Heat,05,Flame/Heat
NY_42029_12252024_0001972_0,NY,42029,2024-12-25,0001972,0,12,05,Cooking,03,Equipment
MA_15117_06152024_0240813_0,MA,15117,2024-06-15,0240813,0,12,05,Cooking,03,Equipment
OH_25009_07022024_0088036_0,OH,25009,2024-07-02,0088036,0,12,05,Cooking,03,Equipment
CT_02140_01012024_001005_0,CT,02140,2024-01-01,001005,0,37,13,Unknown,07,Unknown
IL_CN121_01262024_24884_0,IL,CN121,2024-01-26,24884,0,12,05,Cooking,03,Equipment
AL_05902_03262024_0000222_0,AL,05902,2024-03-26,0000222,0,34,13,Unknown,07,Unknown
AZ_08203_04272024_179298_0,AZ,08203,2024-04-27,179298,0,34,13,Unknown,07,Unknown
WI_40200_10102024_0071741_0,WI,40200,2024-10-10,0071741,0,24,15,Other Unintentional/Careless,07,Unknown
NY_24001_05252024_0613801_0,NY,24001,2024-05-25,0613801,0,12,05,Cooking,03,Equipment
CA_04035_11032024_0020717_0,CA,04035,2024-11-03,0020717,0,5,02,Playing with Heat Source,01,Firesetting
SC_26309_03132024_0002678_0,SC,26309,2024-03-13,0002678,0,34,13,Unknown,07,Unknown
PA_63021_01242024_11_0,PA,63021,2024-01-24,11,0,26,06,Electrical Malfunction,04,Electrical
TX_WB901_01122024_0120082_0,TX,WB901,2024-01-12,0120082,0,26,06,Electrical Malfunction,04,Electrical
GA_03101_01182024_242769_0,GA,03101,2024-01-18,242769,0,32,09,Other Heat,05,Flame/Heat
GA_04103_04082024_0000373_0,GA,04103,2024-04-08,0000373,0,12,05,Cooking,03,Equipment
CA_37140_06122024_1889019_0,CA,37140,2024-06-12,1889019,0,12,05,Cooking,03,Equipment
NC_05007_04102024_9240233_0,NC,05007,2024-04-10,9240233,0,12,05,Cooking,03,Equipment
IA_06010_03072024_24056_0,IA,06010,2024-03-07,24056,0,32,09,Other Heat,05,Flame/Heat
IL_CJ121_09142024_2409464_0,IL,CJ121,2024-09-14,2409464,0,12,05,Cooking,03,Equipment
CA_10032_12112024_0026891_1,CA,10032,2024-12-11,0026891,1,3,12,Exposure,06,Exposure
AL_00313_12072024_0041467_0,AL,00313,2024-12-07,0041467,0,12,05,Cooking,03,Equipment
TN_05326_12232024_04822_0,TN,05326,2024-12-23,04822,0,34,13,Unknown,07,Unknown
FL_14162_03282024_0023306_0,FL,14162,2024-03-28,0023306,0,12,05,Cooking,03,Equipment
OH_48017_03242024_0013925_0,OH,48017,2024-03-24,0013925,0,12,05,Cooking,03,Equipment
DE_40077_10222024_2400692_0,DE,40077,2024-10-22,2400692,0,34,13,Unknown,07,Unknown
LA_17010_04052024_0000280_0,LA,17010,2024-04-05,0000280,0,34,13,Unknown,07,Unknown
IL_SB111_04142024_0007342_0,IL,SB111,2024-04-14,0007342,0,26,06,Electrical Malfunction,04,Electrical
GA_00701_12252024_246711_0,GA,00701,2024-12-25,246711,0,21,15,Other Unintentional/Careless,07,Unknown
NY_24001_05282024_0625887_0,NY,24001,2024-05-28,0625887,0,12,05,Cooking,03,Equipment
CA_38005_08052024_0088660_0,CA,38005,2024-08-05,0088660,0,18,08,Open Flame,05,Flame/Heat
MO_04202_02222024_0000170_0,MO,04202,2024-02-22,0000170,0,29,09,Other Heat,05,Flame/Heat
MS_82007_02032024_24065_0,MS,82007,2024-02-03,24065,0,39,13,Unknown,07,Unknown
GA_15503_08162024_0002538_0,GA,15503,2024-08-16,0002538,0,34,13,Unknown,07,Unknown
TX_AV612_11102024_2413657_0,TX,AV612,2024-11-10,2413657,0,37,13,Unknown,07,Unknown
NV_05005_10312024_1680_0,NV,05005,2024-10-31,1680,0,38,16,Cause Under Investigation,07,Unknown
OH_25009_09142024_0125616_0,OH,25009,2024-09-14,0125616,0,37,13,Unknown,07,Unknown
TN_19226_06222024_0002128_0,TN,19226,2024-06-22,0002128,0,16,10,Other Equipment,03,Equipment
MS_56005_12072024_24154_0,MS,56005,2024-12-07,24154,0,24,15,Other Unintentional/Careless,07,Unknown
IL_CS931_05222024_0367571_0,IL,CS931,2024-05-22,0367571,0,20,10,Other Equipment,03,Equipment
OK_51006_11212024_0004393_0,OK,51006,2024-11-21,0004393,0,32,09,Other Heat,05,Flame/Heat
FL_03051_10012024_4102949_0,FL,03051,2024-10-01,4102949,0,12,05,Cooking,03,Equipment
MT_15101_10172024_0240255_0,MT,15101,2024-10-17,0240255,0,37,13,Unknown,07,Unknown
PA_21041_01142024_51_0,PA,21041,2024-01-14,51,0,34,13,Unknown,07,Unknown
SC_04203_03022024_1155_0,SC,04203,2024-03-02,1155,0,34,13,Unknown,07,Unknown
MO_09403_10012024_1000091_0,MO,09403,2024-10-01,1000091,0,34,13,Unknown,07,Unknown
IL_WG394_04202024_241154_0,IL,WG394,2024-04-20,241154,0,12,05,Cooking,03,Equipment
CA_15010_04092024_2414689_0,CA,15010,2024-04-09,2414689,0,22,14,Equipment Misoperation/Failure,03,Equipment
CA_19110_02082024_4047706_0,CA,19110,2024-02-08,4047706,0,37,13,Unknown,07,Unknown
MA_13061_11212024_4476_0,MA,13061,2024-11-21,4476,0,38,16,Cause Under Investigation,07,Unknown
AK_25150_05272024_1013_0,AK,25150,2024-05-27,1013,0,38,16,Cause Under Investigation,07,Unknown
CA_36193_07282024_4187408_0,CA,36193,2024-07-28,4187408,0,37,13,Unknown,07,Unknown
OR_00291_10172024_4115611_0,OR,00291,2024-10-17,4115611,0,37,13,Unknown,07,Unknown
TX_AH401_03182024_4000252_0,TX,AH401,2024-03-18,4000252,0,34,13,Unknown,07,Unknown
NJ_09001_06222024_2402311_0,NJ,09001,2024-06-22,2402311,0,37,13,Unknown,07,Unknown
CA_19110_08122024_4282159_0,CA,19110,2024-08-12,4282159,0,37,13,Unknown,07,Unknown
PA_17005_02272024_0085_0,PA,17005,2024-02-27,0085,0,23,14,Equipment Misoperation/Failure,03,Equipment
FL_03051_12292024_4138559_0,FL,03051,2024-12-29,4138559,0,15,07,Appliances,03,Equipment
TN_79553_05032024_687455_0,TN,79553,2024-05-03,687455,0,34,13,Unknown,07,Unknown
NE_02006_05082024_0012127_0,NE,02006,2024-05-08,0012127,0,14,06,Electrical Malfunction,04,Electrical
FL_09023_10252024_4017194_0,FL,09023,2024-10-25,4017194,0,37,13,Unknown,07,Unknown
WV_06102_09102024_2406218_0,WV,06102,2024-09-10,2406218,0,24,15,Other Unintentional/Careless,07,Unknown
CO_04118_08082024_0040409_0,CO,04118,2024-08-08,0040409,0,32,09,Other Heat,05,Flame/Heat
MA_25035_10162024_0075762_0,MA,25035,2024-10-16,0075762,0,12,05,Cooking,03,Equipment
AR_04016_11262024_0000599_0,AR,04016,2024-11-26,0000599,0,24,15,Other Unintentional/Careless,07,Unknown
CA_33115_07112024_0104793_0,CA,33115,2024-07-11,0104793,0,29,09,Other Heat,05,Flame/Heat
NE_01005_10312024_0059944_0,NE,01005,2024-10-31,0059944,0,12,05,Cooking,03,Equipment
WV_20126_12062024_2024522_0,WV,20126,2024-12-06,2024522,0,24,15,Other Unintentional/Careless,07,Unknown
MA_25035_06162024_0041358_0,MA,25035,2024-06-16,0041358,0,12,05,Cooking,03,Equipment
TX_PY603_01012024_0000081_0,TX,PY603,2024-01-01,0000081,0,14,06,Electrical Malfunction,04,Electrical
MO_09543_01182024_0000075_0,MO,09543,2024-01-18,0000075,0,34,13,Unknown,07,Unknown
TX_XK702_11152024_0031232_0,TX,XK702,2024-11-15,0031232,0,37,13,Unknown,07,Unknown
CA_34140_01182024_2410016_0,CA,34140,2024-01-18,2410016,0,12,05,Cooking,03,Equipment
CA_07035_12052024_2410953_0,CA,07035,2024-12-05,2410953,0,12,05,Cooking,03,Equipment
CT_02280_07092024_0000435_0,CT,02280,2024-07-09,0000435,0,12,05,Cooking,03,Equipment
NM_15019_10062024_24677_0,NM,15019,2024-10-06,24677,0,34,13,Unknown,07,Unknown
MA_17049_10202024_0005393_0,MA,17049,2024-10-20,0005393,0,12,05,Cooking,03,Equipment
MS_25007_02222024_242425_0,MS,25007,2024-02-22,242425,0,37,13,Unknown,07,Unknown
WI_48050_06192024_0000023_0,WI,48050,2024-06-19,0000023,0,37,13,Unknown,07,Unknown
IA_77018_11202024_245808_0,IA,77018,2024-11-20,245808,0,26,06,Electrical Malfunction,04,Electrical
